srNo,sys_gUid,uniqueId,createdBy,createdDate,lastUpdatedBy,lastUpdatedDate,constructionType,streetNameFrom,streetNameTo,routeName,mileMarkerStart,mileMarkerEnd,travelRestriction,plannedStartDate,plannedEndDate,closureStatus,actualStartDate,actualEndDate,permitDocument,permitID,imageUrl,imageName/Description
1,ConstructionWorkZone-a0378612-13e7-4f51-b7d9-fb68d61c7841,6068127a70d091003bd50f2a,admin@sa1.com,2021-04-03T07:00:10.086Z,admin@sa1.com,2021-04-03T07:00:10.086Z,Road,,,,,,,,,Active,,,,,,
2,ConstructionWorkZone-24ace959-f2e8-47af-9ccb-d3267dae6c54,6084623154c9da003a1f6689,nnageli@navjoyinc.com.demo,2021-04-24T18:23:45.818Z,nnageli@navjoyinc.com.demo,2021-04-24T18:23:45.818Z,Lane Expansion,Castlerock,Monument,I-25,160,180,,06-15-2020 14:17,01-31-2022 14:17,Active,08-03-2020 14:23,,,,,
3,ConstructionWorkZone-0eadcd7a-e2f8-41d9-ada7-3d0b29a9e025,5c1d11d699bddb00565a0cf0,nnageli@navjoyinc.com.cdotgov,2018-12-21T16:16:22.560Z,nnageli@navjoyinc.com.cdotgov,2019-05-29T15:01:16.046Z,Road,6th St,Illinois Ave,I-25,95,99,"Speeds Reduced,Oversize Restriction",12-16-2018 02:00,04-30-2019 02:00,Active,12-16-2018 02:00,12-22-2018,"name : I-25 Ilex St to City Center Dr, description :  Road Construction Permit, url : https://assetgovprod.s3-us-west-2.amazonaws.com/Documents/CDOT%20Gov/documents/undefinedc5b70aec-c757-43ee-a9b7-06ff1573143ePermit%20Document%20for%20Work%20Zones.docx",2468,https://assetgovprod.s3-us-west-2.amazonaws.com/Documents/CDOT%20Gov/documents/undefinedc5b70aec-c757-43ee-a9b7-06ff1573143ePermit%20Document%20for%20Work%20Zones.docx,I-25 Ilex St to City Center Dr / Road Construction Permit
4,ConstructionWorkZone-891760e0-8acd-40c9-b8dd-0a25148b2d91,5cafb02627f3ca004bf30d4a,sschmidtlein@navjoyinc.com.cdotgov,2019-04-11T21:22:46.131Z,nnageli@navjoyinc.com.cdotgov,2020-01-08T06:52:29.152Z,Road,Brighton Blvd,Chambers Rd,I-70,275,283,"(Sunday, April 7, 2019 - Saturday, April 13, 2019) : Delays Possible",04-07-2019 02:00,12-31-2020 02:00,Active,04-07-2019 02:00,,,,https://assetgovprod.s3-us-west-2.amazonaws.com/Documents/CDOT%20Gov/documents/undefined0af99bad-e239-4cf8-ae02-400d72ef8263Permit%20Document%20for%20Work%20Zones.docx,I-70 EB/WB from Brighton Blvd to Chambers / Road Construction Permit
5,ConstructionWorkZone-43fe44ca-59ec-46ef-bd0c-2c3eff312f2a,5cb497a327f3ca004bf30e65,sschmidtlein@navjoyinc.com.cdotgov,2019-04-15T14:39:31.856Z,nnageli@navjoyinc.com.cdotgov,2019-05-29T14:42:04.429Z,Traffic Signal Installation,C-470,Alameda Pkwy,C-470,1.84,1.84,"(Sunday, May 26, 2019 - Saturday, June 1, 2019) : Delays Possible",04-15-2019 11:00,10-31-2019 02:00,Active,04-15-2019 11:00,,"name : C-470 and Alameda Pkwy, description :  Traffic Signal Installation Permit, url : https://assetgovprod.s3-us-west-2.amazonaws.com/Documents/CDOT%20Gov/documents/undefinedb23114e4-691b-482d-b6d6-474458daf853Permit%20Document%20for%20Work%20Zones.docx",2468,https://assetgovprod.s3-us-west-2.amazonaws.com/Documents/CDOT%20Gov/documents/undefinedb23114e4-691b-482d-b6d6-474458daf853Permit%20Document%20for%20Work%20Zones.docx,C-470 and Alameda Pkwy / Traffic Signal Installation Permit
6,ConstructionWorkZone-b3756ba3-1572-4309-8a28-39977443dbf9,5cb8b952d8910d003729b973,sschmidtlein@navjoyinc.com.cdotgov,2019-04-18T17:52:18.553Z,nnageli@navjoyinc.com.cdotgov,2019-06-04T07:59:03.349Z,Road,US 6,Edwards Access Rd,US 6,166,166,"(Sunday, May 26, 2019 - Saturday, June 1, 2019) : Delays Possible,Flagger Operations,Speeds Reduced,Traffic Shift,Width Restrictions: 12 Ft.,No Weekend Work,Trucks Entering and Exiting Work Zone",04-14-2019 22:00,04-30-2020 02:00,Active,04-14-2019 22:00,,"name : US 6 EB/WB south of I-70, description :  Road Construction Permit, url : https://assetgovprod.s3-us-west-2.amazonaws.com/Documents/CDOT%20Gov/documents/undefinedb9b99f01-1f65-44c5-a3c5-b3ecaae858a5Permit%20Document%20for%20Work%20Zones.docx",2468,https://assetgovprod.s3-us-west-2.amazonaws.com/Documents/CDOT%20Gov/documents/undefinedb9b99f01-1f65-44c5-a3c5-b3ecaae858a5Permit%20Document%20for%20Work%20Zones.docx,US 6 EB/WB south of I-70 / Road Construction Permit
7,ConstructionWorkZone-a2519081-1325-4530-a2b9-1f98c56ab3ec,5daed94f87ba8f003b5ae0fa,platform@testing.com,2019-10-22T10:26:23.032Z,platform@testing.com,2019-10-22T10:26:23.032Z,Traffic Signal Installation,,,,,,,,,Inactive,10-25-2019 20:26,10-26-2019,,,,
8,ConstructionWorkZone-8bcb3827-6a69-4e65-abe2-4f9bca0a0f83,5dbafcafbc698b003b25e870,jvue@navjoyinc.com.gwv,2019-10-31T15:24:31.513Z,nnageli@navjoyinc.com.gwv,2020-09-16T20:22:02.680Z,Median Work,University Blvd,Quebec St,Belleview Ave,11.560,14.613,,11-04-2019 02:00,06-01-2020 02:00,Active,10-02-2019 10:00,,"name : CDOT Permit, description :  Permit for construction, url : https://assetgovprod.s3-us-west-2.amazonaws.com/Documents/Greenwood%20Village/documents/ConstructionWorkZone26b2c245-ad10-4c89-8921-a610994237f3CDOT_Permit_Completed10-17-19.pdf",1190694,https://assetgovprod.s3-us-west-2.amazonaws.com/Documents/Greenwood%20Village/documents/ConstructionWorkZone509f6266-c26d-4a31-8018-81270db4b196Weekly%20Traffic%20Monitoring%20Report%20Week%20of%204-27.pdf,Weekly Traffic Monitoring Report 4-27 / 
8,ConstructionWorkZone-8bcb3827-6a69-4e65-abe2-4f9bca0a0f83,5dbafcafbc698b003b25e870,jvue@navjoyinc.com.gwv,2019-10-31T15:24:31.513Z,nnageli@navjoyinc.com.gwv,2020-09-16T20:22:02.680Z,Median Work,University Blvd,Quebec St,Belleview Ave,11.560,14.613,,11-04-2019 02:00,06-01-2020 02:00,Active,10-02-2019 10:00,,"name : CDOT Permit, description :  Permit for construction, url : https://assetgovprod.s3-us-west-2.amazonaws.com/Documents/Greenwood%20Village/documents/ConstructionWorkZone26b2c245-ad10-4c89-8921-a610994237f3CDOT_Permit_Completed10-17-19.pdf",1190694,https://assetgovprod.s3-us-west-2.amazonaws.com/Documents/Greenwood%20Village/documents/ConstructionWorkZone8eb4a492-84c1-4a44-a5d1-4eefca011fb6Construction%20Report%20Week%20of%202-3.pdf,Weekly Traffic Monitoring Report 2-3 / 
8,ConstructionWorkZone-8bcb3827-6a69-4e65-abe2-4f9bca0a0f83,5dbafcafbc698b003b25e870,jvue@navjoyinc.com.gwv,2019-10-31T15:24:31.513Z,nnageli@navjoyinc.com.gwv,2020-09-16T20:22:02.680Z,Median Work,University Blvd,Quebec St,Belleview Ave,11.560,14.613,,11-04-2019 02:00,06-01-2020 02:00,Active,10-02-2019 10:00,,"name : CDOT Permit, description :  Permit for construction, url : https://assetgovprod.s3-us-west-2.amazonaws.com/Documents/Greenwood%20Village/documents/ConstructionWorkZone26b2c245-ad10-4c89-8921-a610994237f3CDOT_Permit_Completed10-17-19.pdf",1190694,https://assetgovprod.s3-us-west-2.amazonaws.com/Documents/Greenwood%20Village/documents/ConstructionWorkZonea5755039-d76e-461d-9466-cbe7f9b4e6d6Construction%20Report%20Week%20of%201-27.pdf,Weekly Traffic Monitoring Report 1-27 / 
8,ConstructionWorkZone-8bcb3827-6a69-4e65-abe2-4f9bca0a0f83,5dbafcafbc698b003b25e870,jvue@navjoyinc.com.gwv,2019-10-31T15:24:31.513Z,nnageli@navjoyinc.com.gwv,2020-09-16T20:22:02.680Z,Median Work,University Blvd,Quebec St,Belleview Ave,11.560,14.613,,11-04-2019 02:00,06-01-2020 02:00,Active,10-02-2019 10:00,,"name : CDOT Permit, description :  Permit for construction, url : https://assetgovprod.s3-us-west-2.amazonaws.com/Documents/Greenwood%20Village/documents/ConstructionWorkZone26b2c245-ad10-4c89-8921-a610994237f3CDOT_Permit_Completed10-17-19.pdf",1190694,https://assetgovprod.s3-us-west-2.amazonaws.com/Documents/Greenwood%20Village/documents/ConstructionWorkZonef4eea566-9c0b-408c-a5c1-702f80812fb8Construction%20Report%20Week%20of%201-20.pdf,Weekly Traffic Monitoring Report 1-20 / 
8,ConstructionWorkZone-8bcb3827-6a69-4e65-abe2-4f9bca0a0f83,5dbafcafbc698b003b25e870,jvue@navjoyinc.com.gwv,2019-10-31T15:24:31.513Z,nnageli@navjoyinc.com.gwv,2020-09-16T20:22:02.680Z,Median Work,University Blvd,Quebec St,Belleview Ave,11.560,14.613,,11-04-2019 02:00,06-01-2020 02:00,Active,10-02-2019 10:00,,"name : CDOT Permit, description :  Permit for construction, url : https://assetgovprod.s3-us-west-2.amazonaws.com/Documents/Greenwood%20Village/documents/ConstructionWorkZone26b2c245-ad10-4c89-8921-a610994237f3CDOT_Permit_Completed10-17-19.pdf",1190694,https://assetgovprod.s3-us-west-2.amazonaws.com/Documents/Greenwood%20Village/documents/ConstructionWorkZone72f9e656-319a-4ed9-88a7-fd90481d60ffConstruction%20Report%20Week%20of%201-13.pdf,Weekly Traffic Monitoring Report 1-13 / 
8,ConstructionWorkZone-8bcb3827-6a69-4e65-abe2-4f9bca0a0f83,5dbafcafbc698b003b25e870,jvue@navjoyinc.com.gwv,2019-10-31T15:24:31.513Z,nnageli@navjoyinc.com.gwv,2020-09-16T20:22:02.680Z,Median Work,University Blvd,Quebec St,Belleview Ave,11.560,14.613,,11-04-2019 02:00,06-01-2020 02:00,Active,10-02-2019 10:00,,"name : CDOT Permit, description :  Permit for construction, url : https://assetgovprod.s3-us-west-2.amazonaws.com/Documents/Greenwood%20Village/documents/ConstructionWorkZone26b2c245-ad10-4c89-8921-a610994237f3CDOT_Permit_Completed10-17-19.pdf",1190694,https://assetgovprod.s3-us-west-2.amazonaws.com/Documents/Greenwood%20Village/documents/ConstructionWorkZone003e8ff7-45f3-4e48-8043-c20cbd58c7c4Construction%20Report%20Week%20of%201-6.pdf,Weekly Traffic Monitoring Report 1-6 / 
8,ConstructionWorkZone-8bcb3827-6a69-4e65-abe2-4f9bca0a0f83,5dbafcafbc698b003b25e870,jvue@navjoyinc.com.gwv,2019-10-31T15:24:31.513Z,nnageli@navjoyinc.com.gwv,2020-09-16T20:22:02.680Z,Median Work,University Blvd,Quebec St,Belleview Ave,11.560,14.613,,11-04-2019 02:00,06-01-2020 02:00,Active,10-02-2019 10:00,,"name : CDOT Permit, description :  Permit for construction, url : https://assetgovprod.s3-us-west-2.amazonaws.com/Documents/Greenwood%20Village/documents/ConstructionWorkZone26b2c245-ad10-4c89-8921-a610994237f3CDOT_Permit_Completed10-17-19.pdf",1190694,https://assetgovprod.s3-us-west-2.amazonaws.com/Documents/Greenwood%20Village/documents/ConstructionWorkZonebd628c38-e3f6-4671-a8c5-79d3ed583595Construction%20Report%20Week%20of%2012-30.pdf,Weekly Traffic Monitoring Report 12-30 / 
8,ConstructionWorkZone-8bcb3827-6a69-4e65-abe2-4f9bca0a0f83,5dbafcafbc698b003b25e870,jvue@navjoyinc.com.gwv,2019-10-31T15:24:31.513Z,nnageli@navjoyinc.com.gwv,2020-09-16T20:22:02.680Z,Median Work,University Blvd,Quebec St,Belleview Ave,11.560,14.613,,11-04-2019 02:00,06-01-2020 02:00,Active,10-02-2019 10:00,,"name : CDOT Permit, description :  Permit for construction, url : https://assetgovprod.s3-us-west-2.amazonaws.com/Documents/Greenwood%20Village/documents/ConstructionWorkZone26b2c245-ad10-4c89-8921-a610994237f3CDOT_Permit_Completed10-17-19.pdf",1190694,https://assetgovprod.s3-us-west-2.amazonaws.com/Documents/Greenwood%20Village/documents/ConstructionWorkZone7162a230-7348-43f4-b264-5f9794ffdfadConstruction%20Report%20Week%20of%2012-16.pdf,Weekly Traffic Monitoring Report 12-16 / 
8,ConstructionWorkZone-8bcb3827-6a69-4e65-abe2-4f9bca0a0f83,5dbafcafbc698b003b25e870,jvue@navjoyinc.com.gwv,2019-10-31T15:24:31.513Z,nnageli@navjoyinc.com.gwv,2020-09-16T20:22:02.680Z,Median Work,University Blvd,Quebec St,Belleview Ave,11.560,14.613,,11-04-2019 02:00,06-01-2020 02:00,Active,10-02-2019 10:00,,"name : CDOT Permit, description :  Permit for construction, url : https://assetgovprod.s3-us-west-2.amazonaws.com/Documents/Greenwood%20Village/documents/ConstructionWorkZone26b2c245-ad10-4c89-8921-a610994237f3CDOT_Permit_Completed10-17-19.pdf",1190694,https://assetgovprod.s3-us-west-2.amazonaws.com/Documents/Greenwood%20Village/documents/ConstructionWorkZonea7c6a035-089d-4cc4-ba94-46444de7f39fConstruction%20Report%20Week%20of%2012-2.pdf,Weekly Traffic Monitoring Report 12-2 / 
8,ConstructionWorkZone-8bcb3827-6a69-4e65-abe2-4f9bca0a0f83,5dbafcafbc698b003b25e870,jvue@navjoyinc.com.gwv,2019-10-31T15:24:31.513Z,nnageli@navjoyinc.com.gwv,2020-09-16T20:22:02.680Z,Median Work,University Blvd,Quebec St,Belleview Ave,11.560,14.613,,11-04-2019 02:00,06-01-2020 02:00,Active,10-02-2019 10:00,,"name : CDOT Permit, description :  Permit for construction, url : https://assetgovprod.s3-us-west-2.amazonaws.com/Documents/Greenwood%20Village/documents/ConstructionWorkZone26b2c245-ad10-4c89-8921-a610994237f3CDOT_Permit_Completed10-17-19.pdf",1190694,https://assetgovprod.s3-us-west-2.amazonaws.com/Documents/Greenwood%20Village/documents/ConstructionWorkZonef8ab6467-5216-4c29-adbe-ccf33fc28586Construction%20Report%20Week%20of%2011-25.pdf,Weekly Traffic Monitoring Report 11-25 / 
8,ConstructionWorkZone-8bcb3827-6a69-4e65-abe2-4f9bca0a0f83,5dbafcafbc698b003b25e870,jvue@navjoyinc.com.gwv,2019-10-31T15:24:31.513Z,nnageli@navjoyinc.com.gwv,2020-09-16T20:22:02.680Z,Median Work,University Blvd,Quebec St,Belleview Ave,11.560,14.613,,11-04-2019 02:00,06-01-2020 02:00,Active,10-02-2019 10:00,,"name : CDOT Permit, description :  Permit for construction, url : https://assetgovprod.s3-us-west-2.amazonaws.com/Documents/Greenwood%20Village/documents/ConstructionWorkZone26b2c245-ad10-4c89-8921-a610994237f3CDOT_Permit_Completed10-17-19.pdf",1190694,https://assetgovprod.s3-us-west-2.amazonaws.com/Documents/Greenwood%20Village/documents/ConstructionWorkZone2aa5f5b1-cb55-4b5e-b128-9f65d1f6183aConstruction%20Report%20Week%20of%2011-18.pdf,Weekly Traffic Monitoring Report 11-18 / 
8,ConstructionWorkZone-8bcb3827-6a69-4e65-abe2-4f9bca0a0f83,5dbafcafbc698b003b25e870,jvue@navjoyinc.com.gwv,2019-10-31T15:24:31.513Z,nnageli@navjoyinc.com.gwv,2020-09-16T20:22:02.680Z,Median Work,University Blvd,Quebec St,Belleview Ave,11.560,14.613,,11-04-2019 02:00,06-01-2020 02:00,Active,10-02-2019 10:00,,"name : CDOT Permit, description :  Permit for construction, url : https://assetgovprod.s3-us-west-2.amazonaws.com/Documents/Greenwood%20Village/documents/ConstructionWorkZone26b2c245-ad10-4c89-8921-a610994237f3CDOT_Permit_Completed10-17-19.pdf",1190694,https://assetgovprod.s3-us-west-2.amazonaws.com/Documents/Greenwood%20Village/documents/ConstructionWorkZone26b2c245-ad10-4c89-8921-a610994237f3CDOT_Permit_Completed10-17-19.pdf,CDOT Permit / Permit for construction
8,ConstructionWorkZone-8bcb3827-6a69-4e65-abe2-4f9bca0a0f83,5dbafcafbc698b003b25e870,jvue@navjoyinc.com.gwv,2019-10-31T15:24:31.513Z,nnageli@navjoyinc.com.gwv,2020-09-16T20:22:02.680Z,Median Work,University Blvd,Quebec St,Belleview Ave,11.560,14.613,,11-04-2019 02:00,06-01-2020 02:00,Active,10-02-2019 10:00,,"name : CDOT Permit, description :  Permit for construction, url : https://assetgovprod.s3-us-west-2.amazonaws.com/Documents/Greenwood%20Village/documents/ConstructionWorkZone26b2c245-ad10-4c89-8921-a610994237f3CDOT_Permit_Completed10-17-19.pdf",1190694,https://assetgovprod.s3-us-west-2.amazonaws.com/Documents/Greenwood%20Village/documents/ConstructionWorkZoned522e45c-20c0-4b3a-a7ff-d37b3348b883Bell.%20TC%20Plans%20w.%20Notes.pdf,Belleview TC Plans / Plans with notes
8,ConstructionWorkZone-8bcb3827-6a69-4e65-abe2-4f9bca0a0f83,5dbafcafbc698b003b25e870,jvue@navjoyinc.com.gwv,2019-10-31T15:24:31.513Z,nnageli@navjoyinc.com.gwv,2020-09-16T20:22:02.680Z,Median Work,University Blvd,Quebec St,Belleview Ave,11.560,14.613,,11-04-2019 02:00,06-01-2020 02:00,Active,10-02-2019 10:00,,"name : CDOT Permit, description :  Permit for construction, url : https://assetgovprod.s3-us-west-2.amazonaws.com/Documents/Greenwood%20Village/documents/ConstructionWorkZone26b2c245-ad10-4c89-8921-a610994237f3CDOT_Permit_Completed10-17-19.pdf",1190694,https://assetgovprod.s3-us-west-2.amazonaws.com/Documents/Greenwood%20Village/documents/ConstructionWorkZone664d101e-dd93-43f8-8a10-bc0d30f8ceb9Weekly%20Traffic%20Monitoring%20Report%20Week%20of%202-17.pdf,Weekly Traffic Monitoring Report 2-17 / 
8,ConstructionWorkZone-8bcb3827-6a69-4e65-abe2-4f9bca0a0f83,5dbafcafbc698b003b25e870,jvue@navjoyinc.com.gwv,2019-10-31T15:24:31.513Z,nnageli@navjoyinc.com.gwv,2020-09-16T20:22:02.680Z,Median Work,University Blvd,Quebec St,Belleview Ave,11.560,14.613,,11-04-2019 02:00,06-01-2020 02:00,Active,10-02-2019 10:00,,"name : CDOT Permit, description :  Permit for construction, url : https://assetgovprod.s3-us-west-2.amazonaws.com/Documents/Greenwood%20Village/documents/ConstructionWorkZone26b2c245-ad10-4c89-8921-a610994237f3CDOT_Permit_Completed10-17-19.pdf",1190694,https://assetgovprod.s3-us-west-2.amazonaws.com/Documents/Greenwood%20Village/documents/ConstructionWorkZone55696b3b-f2b7-41d0-b505-c69539ffb2abWeekly%20Traffic%20Monitoring%20Report%20Week%20of%202-10.pdf,Weekly Traffic Monitoring Report 2-10 / 
8,ConstructionWorkZone-8bcb3827-6a69-4e65-abe2-4f9bca0a0f83,5dbafcafbc698b003b25e870,jvue@navjoyinc.com.gwv,2019-10-31T15:24:31.513Z,nnageli@navjoyinc.com.gwv,2020-09-16T20:22:02.680Z,Median Work,University Blvd,Quebec St,Belleview Ave,11.560,14.613,,11-04-2019 02:00,06-01-2020 02:00,Active,10-02-2019 10:00,,"name : CDOT Permit, description :  Permit for construction, url : https://assetgovprod.s3-us-west-2.amazonaws.com/Documents/Greenwood%20Village/documents/ConstructionWorkZone26b2c245-ad10-4c89-8921-a610994237f3CDOT_Permit_Completed10-17-19.pdf",1190694,https://assetgovprod.s3-us-west-2.amazonaws.com/Documents/Greenwood%20Village/documents/ConstructionWorkZone0d3adcc1-bc5e-4399-8e4d-1a5bc3824b9fWeekly%20Traffic%20Monitoring%20Report%20Week%20of%202-24.pdf,Weekly Traffic Monitoring Report 2-24 / 
8,ConstructionWorkZone-8bcb3827-6a69-4e65-abe2-4f9bca0a0f83,5dbafcafbc698b003b25e870,jvue@navjoyinc.com.gwv,2019-10-31T15:24:31.513Z,nnageli@navjoyinc.com.gwv,2020-09-16T20:22:02.680Z,Median Work,University Blvd,Quebec St,Belleview Ave,11.560,14.613,,11-04-2019 02:00,06-01-2020 02:00,Active,10-02-2019 10:00,,"name : CDOT Permit, description :  Permit for construction, url : https://assetgovprod.s3-us-west-2.amazonaws.com/Documents/Greenwood%20Village/documents/ConstructionWorkZone26b2c245-ad10-4c89-8921-a610994237f3CDOT_Permit_Completed10-17-19.pdf",1190694,https://assetgovprod.s3-us-west-2.amazonaws.com/Documents/Greenwood%20Village/documents/ConstructionWorkZonef089507f-bf71-4fbf-9a88-02f9f0693338CDOT_Permit_Completed10-17-19.pdf,CDOT Permit / Permit for construction
8,ConstructionWorkZone-8bcb3827-6a69-4e65-abe2-4f9bca0a0f83,5dbafcafbc698b003b25e870,jvue@navjoyinc.com.gwv,2019-10-31T15:24:31.513Z,nnageli@navjoyinc.com.gwv,2020-09-16T20:22:02.680Z,Median Work,University Blvd,Quebec St,Belleview Ave,11.560,14.613,,11-04-2019 02:00,06-01-2020 02:00,Active,10-02-2019 10:00,,"name : CDOT Permit, description :  Permit for construction, url : https://assetgovprod.s3-us-west-2.amazonaws.com/Documents/Greenwood%20Village/documents/ConstructionWorkZone26b2c245-ad10-4c89-8921-a610994237f3CDOT_Permit_Completed10-17-19.pdf",1190694,https://assetgovprod.s3-us-west-2.amazonaws.com/Documents/Greenwood%20Village/documents/ConstructionWorkZone4a776592-01f6-4b6b-ac2e-1fd49b0b3aeeProposed%20Daytime%20Lane%20Closures_Exhbt%20A.pdf,Proposed daytime lane closure / Lane closure
8,ConstructionWorkZone-8bcb3827-6a69-4e65-abe2-4f9bca0a0f83,5dbafcafbc698b003b25e870,jvue@navjoyinc.com.gwv,2019-10-31T15:24:31.513Z,nnageli@navjoyinc.com.gwv,2020-09-16T20:22:02.680Z,Median Work,University Blvd,Quebec St,Belleview Ave,11.560,14.613,,11-04-2019 02:00,06-01-2020 02:00,Active,10-02-2019 10:00,,"name : CDOT Permit, description :  Permit for construction, url : https://assetgovprod.s3-us-west-2.amazonaws.com/Documents/Greenwood%20Village/documents/ConstructionWorkZone26b2c245-ad10-4c89-8921-a610994237f3CDOT_Permit_Completed10-17-19.pdf",1190694,https://assetgovprod.s3-us-west-2.amazonaws.com/Documents/Greenwood%20Village/documents/ConstructionWorkZone06aacde0-c3f3-4649-b308-7e5a3730ca86Weekly%20Traffic%20Monitoring%20Report%20Week%20of%203-2.pdf,Weekly Monitoring Report 3-2 / 
8,ConstructionWorkZone-8bcb3827-6a69-4e65-abe2-4f9bca0a0f83,5dbafcafbc698b003b25e870,jvue@navjoyinc.com.gwv,2019-10-31T15:24:31.513Z,nnageli@navjoyinc.com.gwv,2020-09-16T20:22:02.680Z,Median Work,University Blvd,Quebec St,Belleview Ave,11.560,14.613,,11-04-2019 02:00,06-01-2020 02:00,Active,10-02-2019 10:00,,"name : CDOT Permit, description :  Permit for construction, url : https://assetgovprod.s3-us-west-2.amazonaws.com/Documents/Greenwood%20Village/documents/ConstructionWorkZone26b2c245-ad10-4c89-8921-a610994237f3CDOT_Permit_Completed10-17-19.pdf",1190694,https://assetgovprod.s3-us-west-2.amazonaws.com/Documents/Greenwood%20Village/documents/ConstructionWorkZone8dbfb714-53f1-4a1c-810f-7cf82d73fe51sample.pdf,undefined / undefined
8,ConstructionWorkZone-8bcb3827-6a69-4e65-abe2-4f9bca0a0f83,5dbafcafbc698b003b25e870,jvue@navjoyinc.com.gwv,2019-10-31T15:24:31.513Z,nnageli@navjoyinc.com.gwv,2020-09-16T20:22:02.680Z,Median Work,University Blvd,Quebec St,Belleview Ave,11.560,14.613,,11-04-2019 02:00,06-01-2020 02:00,Active,10-02-2019 10:00,,"name : CDOT Permit, description :  Permit for construction, url : https://assetgovprod.s3-us-west-2.amazonaws.com/Documents/Greenwood%20Village/documents/ConstructionWorkZone26b2c245-ad10-4c89-8921-a610994237f3CDOT_Permit_Completed10-17-19.pdf",1190694,https://assetgovprod.s3-us-west-2.amazonaws.com/Documents/Greenwood%20Village/documents/ConstructionWorkZone5e1daba6-e8f3-4951-bc5e-760d0ba57252Weekly%20Traffic%20Monitoring%20Report%20Week%20of%203-9.pdf,Weekly Traffic Monitoring Report 3-9 / 
8,ConstructionWorkZone-8bcb3827-6a69-4e65-abe2-4f9bca0a0f83,5dbafcafbc698b003b25e870,jvue@navjoyinc.com.gwv,2019-10-31T15:24:31.513Z,nnageli@navjoyinc.com.gwv,2020-09-16T20:22:02.680Z,Median Work,University Blvd,Quebec St,Belleview Ave,11.560,14.613,,11-04-2019 02:00,06-01-2020 02:00,Active,10-02-2019 10:00,,"name : CDOT Permit, description :  Permit for construction, url : https://assetgovprod.s3-us-west-2.amazonaws.com/Documents/Greenwood%20Village/documents/ConstructionWorkZone26b2c245-ad10-4c89-8921-a610994237f3CDOT_Permit_Completed10-17-19.pdf",1190694,https://assetgovprod.s3-us-west-2.amazonaws.com/Documents/Greenwood%20Village/documents/ConstructionWorkZone30278b9b-82e2-42de-a6cf-96e940f7302eWeekly%20Traffic%20Monitoring%20Report%20Week%20of%203-16.pdf,Weekly Traffic Monitoring Report 3-16 / 
8,ConstructionWorkZone-8bcb3827-6a69-4e65-abe2-4f9bca0a0f83,5dbafcafbc698b003b25e870,jvue@navjoyinc.com.gwv,2019-10-31T15:24:31.513Z,nnageli@navjoyinc.com.gwv,2020-09-16T20:22:02.680Z,Median Work,University Blvd,Quebec St,Belleview Ave,11.560,14.613,,11-04-2019 02:00,06-01-2020 02:00,Active,10-02-2019 10:00,,"name : CDOT Permit, description :  Permit for construction, url : https://assetgovprod.s3-us-west-2.amazonaws.com/Documents/Greenwood%20Village/documents/ConstructionWorkZone26b2c245-ad10-4c89-8921-a610994237f3CDOT_Permit_Completed10-17-19.pdf",1190694,https://assetgovprod.s3-us-west-2.amazonaws.com/Documents/Greenwood%20Village/documents/ConstructionWorkZoneaaee6ce7-bda9-4247-9e49-53b70f4a6bd7Weekly%20Traffic%20Monitoring%20Report%20Week%20of%203-23.pdf,Weekly Traffic Monitoring Report 3-23 / 
8,ConstructionWorkZone-8bcb3827-6a69-4e65-abe2-4f9bca0a0f83,5dbafcafbc698b003b25e870,jvue@navjoyinc.com.gwv,2019-10-31T15:24:31.513Z,nnageli@navjoyinc.com.gwv,2020-09-16T20:22:02.680Z,Median Work,University Blvd,Quebec St,Belleview Ave,11.560,14.613,,11-04-2019 02:00,06-01-2020 02:00,Active,10-02-2019 10:00,,"name : CDOT Permit, description :  Permit for construction, url : https://assetgovprod.s3-us-west-2.amazonaws.com/Documents/Greenwood%20Village/documents/ConstructionWorkZone26b2c245-ad10-4c89-8921-a610994237f3CDOT_Permit_Completed10-17-19.pdf",1190694,https://assetgovprod.s3-us-west-2.amazonaws.com/Documents/Greenwood%20Village/documents/ConstructionWorkZone60b39b54-326a-431c-889a-b3c0d04f792cWeekly%20Traffic%20Monitoring%20Report%20Week%20of%203-30.pdf,Weekly Traffic Monitoring Report 3-30 / 
8,ConstructionWorkZone-8bcb3827-6a69-4e65-abe2-4f9bca0a0f83,5dbafcafbc698b003b25e870,jvue@navjoyinc.com.gwv,2019-10-31T15:24:31.513Z,nnageli@navjoyinc.com.gwv,2020-09-16T20:22:02.680Z,Median Work,University Blvd,Quebec St,Belleview Ave,11.560,14.613,,11-04-2019 02:00,06-01-2020 02:00,Active,10-02-2019 10:00,,"name : CDOT Permit, description :  Permit for construction, url : https://assetgovprod.s3-us-west-2.amazonaws.com/Documents/Greenwood%20Village/documents/ConstructionWorkZone26b2c245-ad10-4c89-8921-a610994237f3CDOT_Permit_Completed10-17-19.pdf",1190694,https://assetgovprod.s3-us-west-2.amazonaws.com/Documents/Greenwood%20Village/documents/ConstructionWorkZonec4f4b785-a113-4b60-b4fd-002d31f159d9Weekly%20Traffic%20Monitoring%20Report%20Week%20of%204-6.pdf,Weekly Traffic Monitoring Report 4-6 / 
8,ConstructionWorkZone-8bcb3827-6a69-4e65-abe2-4f9bca0a0f83,5dbafcafbc698b003b25e870,jvue@navjoyinc.com.gwv,2019-10-31T15:24:31.513Z,nnageli@navjoyinc.com.gwv,2020-09-16T20:22:02.680Z,Median Work,University Blvd,Quebec St,Belleview Ave,11.560,14.613,,11-04-2019 02:00,06-01-2020 02:00,Active,10-02-2019 10:00,,"name : CDOT Permit, description :  Permit for construction, url : https://assetgovprod.s3-us-west-2.amazonaws.com/Documents/Greenwood%20Village/documents/ConstructionWorkZone26b2c245-ad10-4c89-8921-a610994237f3CDOT_Permit_Completed10-17-19.pdf",1190694,https://assetgovprod.s3-us-west-2.amazonaws.com/Documents/Greenwood%20Village/documents/ConstructionWorkZone25aa0415-8d52-42a1-ada1-9b00590d4361Weekly%20Traffic%20Monitoring%20Report%20Week%20of%204-13.pdf,Weekly Traffic Monitoring Report 4-13 / 
8,ConstructionWorkZone-8bcb3827-6a69-4e65-abe2-4f9bca0a0f83,5dbafcafbc698b003b25e870,jvue@navjoyinc.com.gwv,2019-10-31T15:24:31.513Z,nnageli@navjoyinc.com.gwv,2020-09-16T20:22:02.680Z,Median Work,University Blvd,Quebec St,Belleview Ave,11.560,14.613,,11-04-2019 02:00,06-01-2020 02:00,Active,10-02-2019 10:00,,"name : CDOT Permit, description :  Permit for construction, url : https://assetgovprod.s3-us-west-2.amazonaws.com/Documents/Greenwood%20Village/documents/ConstructionWorkZone26b2c245-ad10-4c89-8921-a610994237f3CDOT_Permit_Completed10-17-19.pdf",1190694,https://assetgovprod.s3-us-west-2.amazonaws.com/Documents/Greenwood%20Village/documents/ConstructionWorkZone863e3954-a418-4d29-9747-729ace9b47a9Weekly%20Traffic%20Monitoring%20Report%20Week%20of%204-20.pdf,Weekly Traffic Monitoring Report 4-20 / 
8,ConstructionWorkZone-8bcb3827-6a69-4e65-abe2-4f9bca0a0f83,5dbafcafbc698b003b25e870,jvue@navjoyinc.com.gwv,2019-10-31T15:24:31.513Z,nnageli@navjoyinc.com.gwv,2020-09-16T20:22:02.680Z,Median Work,University Blvd,Quebec St,Belleview Ave,11.560,14.613,,11-04-2019 02:00,06-01-2020 02:00,Active,10-02-2019 10:00,,"name : CDOT Permit, description :  Permit for construction, url : https://assetgovprod.s3-us-west-2.amazonaws.com/Documents/Greenwood%20Village/documents/ConstructionWorkZone26b2c245-ad10-4c89-8921-a610994237f3CDOT_Permit_Completed10-17-19.pdf",1190694,https://assetgovprod.s3-us-west-2.amazonaws.com/Documents/Greenwood%20Village/documents/ConstructionWorkZonedfe512c8-54d2-43ca-a7a2-defad91fd254Weekly%20Traffic%20Monitoring%20Report%20Week%20of%205-4.pdf,Weekly Traffic Monitoring Report 5-4 / 
8,ConstructionWorkZone-8bcb3827-6a69-4e65-abe2-4f9bca0a0f83,5dbafcafbc698b003b25e870,jvue@navjoyinc.com.gwv,2019-10-31T15:24:31.513Z,nnageli@navjoyinc.com.gwv,2020-09-16T20:22:02.680Z,Median Work,University Blvd,Quebec St,Belleview Ave,11.560,14.613,,11-04-2019 02:00,06-01-2020 02:00,Active,10-02-2019 10:00,,"name : CDOT Permit, description :  Permit for construction, url : https://assetgovprod.s3-us-west-2.amazonaws.com/Documents/Greenwood%20Village/documents/ConstructionWorkZone26b2c245-ad10-4c89-8921-a610994237f3CDOT_Permit_Completed10-17-19.pdf",1190694,https://assetgovprod.s3-us-west-2.amazonaws.com/Documents/Greenwood%20Village/documents/ConstructionWorkZone53c39b3a-64e7-4745-92f2-a099c2c59fa2Weekly%20Traffic%20Monitoring%20Report%20Week%20of%205-11.pdf,Weekly Traffic Monitoring Report 5-11 / 
8,ConstructionWorkZone-8bcb3827-6a69-4e65-abe2-4f9bca0a0f83,5dbafcafbc698b003b25e870,jvue@navjoyinc.com.gwv,2019-10-31T15:24:31.513Z,nnageli@navjoyinc.com.gwv,2020-09-16T20:22:02.680Z,Median Work,University Blvd,Quebec St,Belleview Ave,11.560,14.613,,11-04-2019 02:00,06-01-2020 02:00,Active,10-02-2019 10:00,,"name : CDOT Permit, description :  Permit for construction, url : https://assetgovprod.s3-us-west-2.amazonaws.com/Documents/Greenwood%20Village/documents/ConstructionWorkZone26b2c245-ad10-4c89-8921-a610994237f3CDOT_Permit_Completed10-17-19.pdf",1190694,https://assetgovprod.s3-us-west-2.amazonaws.com/Documents/Greenwood%20Village/documents/ConstructionWorkZonedd4aacd9-f111-4ef8-95ac-f0116d130fb2Weekly%20Traffic%20Monitoring%20Report%20Week%20of%205-18.pdf,Weekly Traffic Monitoring Report 5-18 / 
9,ConstructionWorkZone-1c1d2d9f-f38f-4fb3-a8e1-bf224fb90943,5de3886c8f48df003bac0f25,nnageli@navjoyinc.com.cdotgov,2019-12-01T09:31:24.227Z,nnageli@navjoyinc.com.cdotgov,2019-12-01T09:33:41.985Z,Road,test,Edwards Access Rd,US 6,166,166,"(Sunday, May 26, 2019 - Saturday, June 1, 2019) : Delays Possible,Flagger Operations,Speeds Reduced,Traffic Shift,Width Restrictions: 12 Ft.,No Weekend Work,Trucks Entering and Exiting Work Zone",04-14-2019 22:00,04-30-2020 02:00,Active,05-09-2019 22:00,,"name : US 6 EB/WB south of I-70, description :  Road Construction Permit, url : https://assetgovprod.s3-us-west-2.amazonaws.com/Documents/CDOT%20Gov/documents/undefinedb9b99f01-1f65-44c5-a3c5-b3ecaae858a5Permit%20Document%20for%20Work%20Zones.docx",2468,,
10,ConstructionWorkZone-8b05b7a4-a821-4ba3-a4f5-956567f32c26,5de8c28f34724f003b4d3ef2,jhealey@navjoyinc.com.ny,2019-12-05T08:40:47.378Z,jhealey@navjoyinc.com.ny,2019-12-05T08:40:47.378Z,Road,,,,,,,12-04-2019 13:30,12-04-2019 13:30,Planned,12-04-2019 14:31,,,,,
11,ConstructionWorkZone-5e6e0f6a-1f75-4f3b-b719-4139aae15c2a,5de8c28f34724f003b4d3ef3,jhealey@navjoyinc.com.ny,2019-12-05T08:40:47.859Z,jhealey@navjoyinc.com.ny,2019-12-05T08:40:47.859Z,Road,,,,,,,12-04-2019 13:30,12-04-2019 13:30,Planned,12-04-2019 14:31,,,,,
12,ConstructionWorkZone-6886e274-11d6-4b3b-8ef9-36828c01e92d,5dfba5cec46a6e0046e386c4,nnageli@navjoyinc.com.cdotgov,2019-12-19T16:31:10.675Z,nnageli@navjoyinc.com.cdotgov,2019-12-19T16:31:10.675Z,Road,University,Quebec,88,11.56,14.613,,11-04-2019 02:00,06-01-2020 02:00,Planned,,,,,,
13,ConstructionWorkZone-bfccd87b-43d7-4b02-bb10-a28f69109d03,5e31b75eee1444003b98abce,djoslin@navjoyinc.com.gwv,2020-01-29T16:48:30.830Z,djoslin@navjoyinc.com.gwv,2020-01-29T16:48:30.830Z,Traffic Signal Installation,Glenmoor Dr/S. Steele St,Glenmoor Dr/S. Steele St,Belleview Ave,12.05,12.15,Various lane closures,02-03-2020 02:00,05-01-2020 02:00,Planned,02-03-2020 02:00,05-01-2020,,,,
14,ConstructionWorkZone-9e794601-310e-47ed-9b66-2f8d969ec189,5f7e2263f7e63200391a8a90,melaku.ameneshoa@state.co.us,2020-10-07T20:17:39.947Z,melaku.ameneshoa@state.co.us,2021-05-21T14:09:27.870Z,Traffic Signal Installation,Glencoe St.,Jersey St.,US 40,301.0,301.75,Daily Right Lane Closure,12-14-2020 15:30,06-30-2021 15:30,Active,10-20-2020 16:16,06-30-2021,,,,
15,ConstructionWorkZone-17a11a46-294f-486a-a276-4e7d2c97a142,5f7e279bf7e63200391a8ae2,melaku.ameneshoa@state.co.us,2020-10-07T20:39:55.637Z,melaku.ameneshoa@state.co.us,2021-05-21T14:07:59.318Z,Traffic Signal Installation,W. Exposition Ave.,W. Mississippi Ave.,US 88A,2.48,3.0,,12-07-2020 16:23,05-15-2021 16:23,Active,10-20-2020 16:39,10-20-2020,,,,
16,ConstructionWorkZone-a5ff2fd6-94bf-4496-956f-b0263d74b7af,5fbd4adf756b2d003be3aca8,jvue@navjoyinc.com.cdotr1,2020-11-24T18:03:11.060Z,melaku.ameneshoa@state.co.us,2021-05-21T14:10:44.383Z,Traffic Signal Installation,44th Ave.,40th Ave.,US 287,42.5,48.1,Daily Right Lane Closure,12-14-2020 13:01,06-30-2021 02:00,Active,12-16-2020 14:13,,,2020-7652,,
17,ConstructionWorkZone-a9e2a401-a349-4b15-92e3-52cd93680630,5fcc7f75cbfe75003b5c0dd2,sblead@test.com,2020-12-06T06:51:33.981Z,sblead@test.com,2020-12-06T06:51:33.981Z,Road,,,,,,,,,Planned,,,,,,
18,ConstructionWorkZone-4b2719b3-7cf7-4038-9902-5362f3002a40,603515bf89e5df003a2eae6e,nnageli@navjoyinc.com.cdotr1,2021-02-23T14:48:31.754Z,zroszel@navjoyinc.com.cdotr1,2021-04-20T18:01:16.269Z,Lane Expansion,Belleview Ave,Bowles Ave,C-470,21.9,22.3,Right lane both directions,01-05-2021 09:40,07-31-2021 09:40,Active,12-24-2020 09:44,,"name : CDOT Permit , description :  Expires June 30, 2021, url : https://assetgovprod.s3-us-west-2.amazonaws.com/Documents/CDOT%20Region%201/Files/590d3daa-1eaa-4e2d-b3c3-ca7b998e41f1CDOT%20Permit%20 / name : Method Of Handling Traffic, description :  Prepared by HDR, url : https://assetgovprod.s3-us-west-2.amazonaws.com/Documents/CDOT%20Region%201/Files/c9409ba2-83e6-49ce-b1ff-c1eb902803ecMethod%20Of%20Handling%20Traffic",2021-1098A,,
19,ConstructionWorkZone-6cf19f07-f259-40a6-8ea3-e1fb63b870e9,603c7d168b7430fa827f92ff,contractor@navjoyinc.com,2021-03-01T09:00:08.113Z,contractor@navjoyinc.com,2021-03-01T09:00:08.113Z,,,,,,,,,,,,,,,,
20,ConstructionWorkZone-c46cbe89-8e1e-499c-a2a6-1ea6aea7cfd1,603c7d168b7430fa827f9302,contractor@navjoyinc.com,2021-03-01T14:25:13.906Z,contractor@navjoyinc.com,2021-03-01T14:25:13.906Z,,,,,,,,,,,,,,,,
21,ConstructionWorkZone-83fdbcb0-f9f8-42c5-8461-e84169c465de,603c7d168b7430fa827f930c,contractor@navjoyinc.com,2021-03-01T07:35:09.323Z,contractor@navjoyinc.com,2021-03-01T07:35:09.323Z,,,,,,,,,,,,,,,,
22,ConstructionWorkZone-2e995d96-ec5e-4884-ab0d-9c4266973c6f,603c7d168b7430fa827f9317,contractor@navjoyinc.com,2021-03-01T08:55:06.809Z,contractor@navjoyinc.com,2021-03-01T08:55:06.809Z,,,,,,,,,,,,,,,,
23,ConstructionWorkZone-58c21c9e-087a-4f58-a878-0de05c984c75,603c7d168b7430fa827f9334,contractor@navjoyinc.com,2021-03-01T10:40:10.333Z,contractor@navjoyinc.com,2021-03-01T10:40:10.333Z,,,,,,,,,,,,,,,,
24,ConstructionWorkZone-71be3645-4371-4a5e-bca3-7ca2c052f665,603c7d168b7430fa827f9380,contractor@navjoyinc.com,2021-03-01T09:25:13.616Z,contractor@navjoyinc.com,2021-03-01T09:25:13.616Z,,,,,,,,,,,,,,,,
25,ConstructionWorkZone-ac17cfb3-cdcf-4a22-9288-6bf0222d3cb9,603c7d168b7430fa827f9383,contractor@navjoyinc.com,2021-03-01T11:50:06.508Z,contractor@navjoyinc.com,2021-03-01T11:50:06.508Z,,,,,,,,,,,,,,,,
26,ConstructionWorkZone-c950967d-1687-457e-a648-99b74f9ae8a6,603c7d168b7430fa827f938c,contractor@navjoyinc.com,2021-03-01T07:00:11.580Z,contractor@navjoyinc.com,2021-03-01T07:00:11.580Z,,,,,,,,,,,,,,,,
27,ConstructionWorkZone-2dff9d45-1f8d-4570-8ea8-145347eac5d0,603c7d168b7430fa827f938f,contractor@navjoyinc.com,2021-03-01T05:55:06.795Z,contractor@navjoyinc.com,2021-03-01T05:55:06.795Z,,,,,,,,,,,,,,,,
28,ConstructionWorkZone-fbb998a7-330b-4a3e-a2f9-efcc90c7110e,603c82e78b7430fa82806c0c,contractor@navjoyinc.com,2021-03-01T06:00:07.946Z,contractor@navjoyinc.com,2021-03-01T06:00:07.946Z,,,,,,,,,,,,,,,,
29,ConstructionWorkZone-18298289-4432-4902-b0f6-21b128583c06,603c84158b7430fa82808d29,contractor@navjoyinc.com,2021-03-01T06:20:12.348Z,contractor@navjoyinc.com,2021-03-01T06:20:12.348Z,,,,,,,,,,,,,,,,
30,ConstructionWorkZone-95e301db-1ba5-4dd5-8bd1-ec9d60e8b921,603c88c98b7430fa82813439,contractor@navjoyinc.com,2021-03-01T18:00:13.903Z,contractor@navjoyinc.com,2021-03-01T18:00:13.903Z,,,,,,,,,,,,,,,,
31,ConstructionWorkZone-d6f71297-19e5-429d-90c5-cf920abdbb97,603c88c98b7430fa8281345d,contractor@navjoyinc.com,2021-03-01T06:45:08.252Z,contractor@navjoyinc.com,2021-03-01T06:45:08.252Z,,,,,,,,,,,,,,,,
32,ConstructionWorkZone-08fd1ca7-dd0b-4df6-bcc1-558ed841f33e,603c92288b7430fa8282a459,contractor@navjoyinc.com,2021-03-01T12:35:08.056Z,contractor@navjoyinc.com,2021-03-01T12:35:08.056Z,,,,,,,,,,,,,,,,
33,ConstructionWorkZone-04edea8a-48f5-4d3d-beca-9ae3a6f95055,603c9a5a8b7430fa82838396,contractor@navjoyinc.com,2021-03-01T15:15:05.341Z,contractor@navjoyinc.com,2021-03-01T15:15:05.341Z,,,,,,,,,,,,,,,,
34,ConstructionWorkZone-e4be0790-a725-4928-a2a4-d3e62473e793,603c9de18b7430fa8283c75b,contractor@navjoyinc.com,2021-03-01T07:55:13.670Z,contractor@navjoyinc.com,2021-03-01T07:55:13.670Z,,,,,,,,,,,,,,,,
35,ConstructionWorkZone-bbcc9f21-6c18-42d1-aec5-fa4b95e9a502,603c9f128b7430fa8283d45b,contractor@navjoyinc.com,2021-03-01T08:00:18.115Z,contractor@navjoyinc.com,2021-03-01T08:00:18.115Z,,,,,,,,,,,,,,,,
36,ConstructionWorkZone-31ad3f8f-f05d-4051-aa90-f7cf748cd48e,603ca15f8b7430fa828411bf,contractor@navjoyinc.com,2021-03-01T08:10:07.153Z,contractor@navjoyinc.com,2021-03-01T08:10:07.153Z,,,,,,,,,,,,,,,,
37,ConstructionWorkZone-8f39237e-ef4e-4bf6-9933-e73be8566029,603cae458b7430fa8284b085,contractor@navjoyinc.com,2021-03-01T12:05:10.359Z,contractor@navjoyinc.com,2021-03-01T12:05:10.359Z,,,,,,,,,,,,,,,,
38,ConstructionWorkZone-6295ccf5-0f82-4c84-a438-584015dee35e,603cb5498b7430fa828534fd,contractor@navjoyinc.com,2021-03-01T10:10:13.602Z,contractor@navjoyinc.com,2021-03-01T10:10:13.602Z,,,,,,,,,,,,,,,,
39,ConstructionWorkZone-63c07825-7e87-49d9-b115-82ff3edfef89,603cbeb28b7430fa82860034,contractor@navjoyinc.com,2021-03-01T11:50:06.508Z,contractor@navjoyinc.com,2021-03-01T11:50:06.508Z,,,,,,,,,,,,,,,,
40,ConstructionWorkZone-bb5968f4-9c89-4bcd-a956-d6f322cd4628,603cc5b78b7430fa82865ee5,contractor@navjoyinc.com,2021-03-01T12:35:08.055Z,contractor@navjoyinc.com,2021-03-01T12:35:08.055Z,,,,,,,,,,,,,,,,
41,ConstructionWorkZone-e3c35007-a306-46da-9def-f6803dc7222d,603cd9a38b7430fa82873232,contractor@navjoyinc.com,2021-03-01T12:20:14.164Z,contractor@navjoyinc.com,2021-03-01T12:20:14.164Z,,,,,,,,,,,,,,,,
42,ConstructionWorkZone-4d043750-4cec-40aa-9039-da715cffe918,603cdad08b7430fa82873880,contractor@navjoyinc.com,2021-03-01T23:55:06.319Z,contractor@navjoyinc.com,2021-03-01T23:55:06.319Z,,,,,,,,,,,,,,,,
43,ConstructionWorkZone-a202f5b8-5af2-4d1e-bfba-427c290ccad1,603cdbfe8b7430fa82873f66,contractor@navjoyinc.com,2021-03-01T20:25:07.796Z,contractor@navjoyinc.com,2021-03-01T20:25:07.796Z,,,,,,,,,,,,,,,,
44,ConstructionWorkZone-115173f0-8a92-48ba-860b-e111cb999d55,603cdd218b7430fa828746d0,contractor@navjoyinc.com,2021-03-01T12:25:05.363Z,contractor@navjoyinc.com,2021-03-01T12:25:05.363Z,,,,,,,,,,,,,,,,
45,ConstructionWorkZone-15eb46b0-93eb-4bd9-bd69-193802fa74c2,603ce0a98b7430fa82875991,contractor@navjoyinc.com,2021-03-01T12:55:13.212Z,contractor@navjoyinc.com,2021-03-01T12:55:13.212Z,,,,,,,,,,,,,,,,
46,ConstructionWorkZone-08681f83-d234-43c4-9348-6c59858391f0,603ce6818b7430fa82877794,contractor@navjoyinc.com,2021-03-01T16:50:10.506Z,contractor@navjoyinc.com,2021-03-01T16:50:10.506Z,,,,,,,,,,,,,,,,
47,ConstructionWorkZone-50f31015-0323-45ba-9bd1-83963523373d,603ce6818b7430fa82877797,contractor@navjoyinc.com,2021-03-01T13:15:08.106Z,contractor@navjoyinc.com,2021-03-01T13:15:08.106Z,,,,,,,,,,,,,,,,
48,ConstructionWorkZone-d5d48102-5fac-4b81-9984-6cabd0d8db29,603cea0a8b7430fa82878ac6,contractor@navjoyinc.com,2021-03-01T13:35:12.467Z,contractor@navjoyinc.com,2021-03-01T13:35:12.467Z,,,,,,,,,,,,,,,,
49,ConstructionWorkZone-2180742e-3b7a-4c8a-8d06-11a966c220ab,603cea0a8b7430fa82878add,contractor@navjoyinc.com,2021-03-01T13:35:12.467Z,contractor@navjoyinc.com,2021-03-01T13:35:12.467Z,,,,,,,,,,,,,,,,
50,ConstructionWorkZone-3a1ff955-d25a-4712-b2f5-6c7053c68b21,603cec638b7430fa8287972f,contractor@navjoyinc.com,2021-03-01T14:05:09.360Z,contractor@navjoyinc.com,2021-03-01T14:05:09.360Z,,,,,,,,,,,,,,,,
51,ConstructionWorkZone-563231d4-a359-46b4-8ffc-82f49abe670a,603ceebd8b7430fa8287a3ee,contractor@navjoyinc.com,2021-03-02T00:55:09.890Z,contractor@navjoyinc.com,2021-03-02T00:55:09.890Z,,,,,,,,,,,,,,,,
52,ConstructionWorkZone-c4ab6b52-40a8-4d9a-bd63-353a30788f1d,603ceebd8b7430fa8287a434,contractor@navjoyinc.com,2021-03-01T13:40:13.616Z,contractor@navjoyinc.com,2021-03-01T13:40:13.616Z,,,,,,,,,,,,,,,,
53,ConstructionWorkZone-d830c6cd-8fb0-4633-93d2-4b78798fd328,603ceebd8b7430fa8287a440,contractor@navjoyinc.com,2021-03-01T21:55:08.753Z,contractor@navjoyinc.com,2021-03-01T21:55:08.753Z,,,,,,,,,,,,,,,,
54,ConstructionWorkZone-16085dcf-56bd-4661-9645-f47540f7ae63,603cefea8b7430fa8287aa19,contractor@navjoyinc.com,2021-03-01T13:45:14.815Z,contractor@navjoyinc.com,2021-03-01T13:45:14.815Z,,,,,,,,,,,,,,,,
55,ConstructionWorkZone-96cce669-b1b4-4fa9-8fc4-69d73b2a46d1,603cf10e8b7430fa8287b14e,contractor@navjoyinc.com,2021-03-01T14:10:10.583Z,contractor@navjoyinc.com,2021-03-01T14:10:10.583Z,,,,,,,,,,,,,,,,
56,ConstructionWorkZone-61d5de9f-909d-43ef-beed-8c0d2e4d67dd,603cf4958b7430fa8287c3e0,contractor@navjoyinc.com,2021-03-01T14:20:12.828Z,contractor@navjoyinc.com,2021-03-01T14:20:12.828Z,,,,,,,,,,,,,,,,
57,ConstructionWorkZone-54581da3-05da-4a9a-bee4-069abd04f03b,603cf5c28b7430fa8287c9f2,contractor@navjoyinc.com,2021-03-02T01:50:12.230Z,contractor@navjoyinc.com,2021-03-02T01:50:12.230Z,,,,,,,,,,,,,,,,
58,ConstructionWorkZone-f34257fb-6367-4643-8396-bc3cc6477d1c,603cfa778b7430fa8288032c,contractor@navjoyinc.com,2021-03-01T19:45:08.395Z,contractor@navjoyinc.com,2021-03-01T19:45:08.395Z,,,,,,,,,,,,,,,,
59,ConstructionWorkZone-84018727-1952-497b-85db-30871df4a77d,603cfa778b7430fa8288037c,contractor@navjoyinc.com,2021-03-02T00:10:09.762Z,contractor@navjoyinc.com,2021-03-02T00:10:09.762Z,,,,,,,,,,,,,,,,
60,ConstructionWorkZone-44e88cd7-3f0a-476f-bb9c-42fe7184909f,603cfcc78b7430fa828814e8,contractor@navjoyinc.com,2021-03-01T18:55:06.808Z,contractor@navjoyinc.com,2021-03-01T18:55:06.808Z,,,,,,,,,,,,,,,,
61,ConstructionWorkZone-9c8a2791-9ecc-4b85-b7df-8e8f37286ffd,603cff218b7430fa82882270,contractor@navjoyinc.com,2021-03-01T15:05:13.339Z,contractor@navjoyinc.com,2021-03-01T15:05:13.339Z,,,,,,,,,,,,,,,,
62,ConstructionWorkZone-b426c569-9ee5-4a6c-89fb-16ff45797ddc,603cff218b7430fa82882274,contractor@navjoyinc.com,2021-03-01T14:50:09.782Z,contractor@navjoyinc.com,2021-03-01T14:50:09.782Z,,,,,,,,,,,,,,,,
63,ConstructionWorkZone-588a4dc5-60b8-42cf-851d-a302a0841484,603d00518b7430fa82882957,contractor@navjoyinc.com,2021-03-01T15:00:12.079Z,contractor@navjoyinc.com,2021-03-01T15:00:12.079Z,,,,,,,,,,,,,,,,
64,ConstructionWorkZone-b4fa2a9c-3f23-4f38-a136-9999d807ba64,603d03d68b7430fa8288538b,contractor@navjoyinc.com,2021-03-01T15:30:09.292Z,contractor@navjoyinc.com,2021-03-01T15:30:09.292Z,,,,,,,,,,,,,,,,
65,ConstructionWorkZone-f6cdae07-c1a0-45a7-bf8d-382bcb3e7f72,603d04f98b7430fa82885d02,contractor@navjoyinc.com,2021-03-01T15:30:09.292Z,contractor@navjoyinc.com,2021-03-01T15:30:09.292Z,,,,,,,,,,,,,,,,
66,ConstructionWorkZone-8d591fc9-e81f-4fcd-a6d7-2cd9759f3364,603d06268b7430fa828864de,contractor@navjoyinc.com,2021-03-01T15:20:06.790Z,contractor@navjoyinc.com,2021-03-01T15:20:06.790Z,,,,,,,,,,,,,,,,
67,ConstructionWorkZone-0bd3d196-945e-4bfa-835e-7a1aa5d38479,603d06268b7430fa82886555,contractor@navjoyinc.com,2021-03-01T15:50:13.836Z,contractor@navjoyinc.com,2021-03-01T15:50:13.836Z,,,,,,,,,,,,,,,,
68,ConstructionWorkZone-a232dc5f-1ba4-4c7c-858e-531df474dbfe,603d07548b7430fa82886f35,contractor@navjoyinc.com,2021-03-01T19:10:10.371Z,contractor@navjoyinc.com,2021-03-01T19:10:10.371Z,,,,,,,,,,,,,,,,
69,ConstructionWorkZone-81ae26c9-f19a-4852-9799-99f412682ad0,603d09ae8b7430fa828881ac,contractor@navjoyinc.com,2021-03-01T15:40:11.400Z,contractor@navjoyinc.com,2021-03-01T15:40:11.400Z,,,,,,,,,,,,,,,,
70,ConstructionWorkZone-90d0abe8-e810-4634-98d0-daed5c138a58,603d09ae8b7430fa828881b2,contractor@navjoyinc.com,2021-03-01T15:50:13.837Z,contractor@navjoyinc.com,2021-03-01T15:50:13.837Z,,,,,,,,,,,,,,,,
71,ConstructionWorkZone-7a9c905a-81f2-4029-9129-e9c731a234bf,603d0c088b7430fa828892a1,contractor@navjoyinc.com,2021-03-01T16:00:06.068Z,contractor@navjoyinc.com,2021-03-01T16:00:06.068Z,,,,,,,,,,,,,,,,
72,ConstructionWorkZone-40390d4c-efe6-40fe-9e9c-81e4e2736a2d,603d0e638b7430fa8288a1ab,contractor@navjoyinc.com,2021-03-01T18:50:05.667Z,contractor@navjoyinc.com,2021-03-01T18:50:05.667Z,,,,,,,,,,,,,,,,
73,ConstructionWorkZone-35e584bf-abc4-4a19-92d4-dcbb826e3ec8,603d0e638b7430fa8288a1cc,contractor@navjoyinc.com,2021-03-01T16:15:09.589Z,contractor@navjoyinc.com,2021-03-01T16:15:09.589Z,,,,,,,,,,,,,,,,
74,ConstructionWorkZone-b554112e-c339-415f-945d-85343dda7a5d,603d10b38b7430fa8288b83c,contractor@navjoyinc.com,2021-03-01T22:40:10.572Z,contractor@navjoyinc.com,2021-03-01T22:40:10.572Z,,,,,,,,,,,,,,,,
75,ConstructionWorkZone-f0157586-9918-4858-a2c2-bf6099c0a880,603d143a8b7430fa8289507c,contractor@navjoyinc.com,2021-03-01T16:35:14.298Z,contractor@navjoyinc.com,2021-03-01T16:35:14.298Z,,,,,,,,,,,,,,,,
76,ConstructionWorkZone-f9279823-7585-4b4d-b592-3f6380a93905,603d15688b7430fa828966b0,contractor@navjoyinc.com,2021-03-01T16:30:13.155Z,contractor@navjoyinc.com,2021-03-01T16:30:13.155Z,,,,,,,,,,,,,,,,
77,ConstructionWorkZone-112688b8-8cc4-40f9-9e3a-a16c3a23fa11,603d16958b7430fa82896d60,contractor@navjoyinc.com,2021-03-01T17:10:12.342Z,contractor@navjoyinc.com,2021-03-01T17:10:12.342Z,,,,,,,,,,,,,,,,
78,ConstructionWorkZone-2af0d322-f65f-4e5d-a2ec-a29db18a32b3,603d17c28b7430fa828978e8,contractor@navjoyinc.com,2021-03-01T16:40:05.611Z,contractor@navjoyinc.com,2021-03-01T16:40:05.611Z,,,,,,,,,,,,,,,,
79,ConstructionWorkZone-f0b065ea-8149-40ad-8b74-2083372dca96,603d17c28b7430fa82897933,contractor@navjoyinc.com,2021-03-01T16:50:10.506Z,contractor@navjoyinc.com,2021-03-01T16:50:10.506Z,,,,,,,,,,,,,,,,
80,ConstructionWorkZone-78eeb5fc-ab74-4759-b8aa-a25b2bdac340,603d18e58b7430fa828981bd,contractor@navjoyinc.com,2021-03-01T16:55:08.977Z,contractor@navjoyinc.com,2021-03-01T16:55:08.977Z,,,,,,,,,,,,,,,,
81,ConstructionWorkZone-cb747fb4-ea59-4d95-a69b-9d88cd80a033,603d1a128b7430fa82899682,contractor@navjoyinc.com,2021-03-01T17:50:11.707Z,contractor@navjoyinc.com,2021-03-01T17:50:11.707Z,,,,,,,,,,,,,,,,
82,ConstructionWorkZone-6fa806b1-fe32-4573-b7a3-0eae547a64cf,603d1c6d8b7430fa8289bf60,contractor@navjoyinc.com,2021-03-01T19:05:09.227Z,contractor@navjoyinc.com,2021-03-01T19:05:09.227Z,,,,,,,,,,,,,,,,
83,ConstructionWorkZone-efd3bd72-16b1-49ce-90f8-cf82b7a2b003,603d1c6d8b7430fa8289bf6e,contractor@navjoyinc.com,2021-03-01T17:00:10.207Z,contractor@navjoyinc.com,2021-03-01T17:00:10.207Z,,,,,,,,,,,,,,,,
84,ConstructionWorkZone-bddb10f7-3916-49d2-98df-ff1fabf4026d,603d1d9a8b7430fa8289c9e4,contractor@navjoyinc.com,2021-03-01T17:15:13.497Z,contractor@navjoyinc.com,2021-03-01T17:15:13.497Z,,,,,,,,,,,,,,,,
85,ConstructionWorkZone-f83e1171-d7d5-459c-ac05-d5f2703fdc3f,603d1d9a8b7430fa8289c9e9,contractor@navjoyinc.com,2021-03-01T17:05:11.453Z,contractor@navjoyinc.com,2021-03-01T17:05:11.453Z,,,,,,,,,,,,,,,,
86,ConstructionWorkZone-86539ba0-4388-489e-a287-b1015382155b,603d1ec78b7430fa8289d318,contractor@navjoyinc.com,2021-03-01T17:25:05.743Z,contractor@navjoyinc.com,2021-03-01T17:25:05.743Z,,,,,,,,,,,,,,,,
87,ConstructionWorkZone-10b344a5-9346-433d-a6a7-da89c720633d,603d1ff48b7430fa828a27a6,contractor@navjoyinc.com,2021-03-01T17:10:12.344Z,contractor@navjoyinc.com,2021-03-01T17:10:12.344Z,,,,,,,,,,,,,,,,
88,ConstructionWorkZone-db303009-b96d-4b94-ad22-751862312054,603d21218b7430fa828a4571,contractor@navjoyinc.com,2021-03-01T19:15:11.333Z,contractor@navjoyinc.com,2021-03-01T19:15:11.333Z,,,,,,,,,,,,,,,,
89,ConstructionWorkZone-254959ea-5f00-47ab-b950-7da0bf9f8b41,603d21218b7430fa828a4621,contractor@navjoyinc.com,2021-03-01T17:30:07.163Z,contractor@navjoyinc.com,2021-03-01T17:30:07.163Z,,,,,,,,,,,,,,,,
90,ConstructionWorkZone-90e02146-8af7-4fc5-8808-e8b422b975f7,603d224e8b7430fa828a5496,contractor@navjoyinc.com,2021-03-02T03:50:09.078Z,contractor@navjoyinc.com,2021-03-02T03:50:09.078Z,,,,,,,,,,,,,,,,
91,ConstructionWorkZone-7120ffde-367e-48b7-b65a-e14b0bcf291c,603d224e8b7430fa828a54a3,contractor@navjoyinc.com,2021-03-01T17:35:08.200Z,contractor@navjoyinc.com,2021-03-01T17:35:08.200Z,,,,,,,,,,,,,,,,
92,ConstructionWorkZone-a70a0849-29da-4ee1-844f-29a2465faf53,603d249f8b7430fa828a6e17,contractor@navjoyinc.com,2021-03-01T20:10:14.502Z,contractor@navjoyinc.com,2021-03-01T20:10:14.502Z,,,,,,,,,,,,,,,,
93,ConstructionWorkZone-4992eb5d-113c-4f88-8292-fc34e01f718d,603d249f8b7430fa828a6e63,contractor@navjoyinc.com,2021-03-01T17:50:11.706Z,contractor@navjoyinc.com,2021-03-01T17:50:11.706Z,,,,,,,,,,,,,,,,
94,ConstructionWorkZone-1d2bf413-9303-46b8-a130-37c60baf21a1,603d25cc8b7430fa828a79fe,contractor@navjoyinc.com,2021-03-01T17:45:10.355Z,contractor@navjoyinc.com,2021-03-01T17:45:10.355Z,,,,,,,,,,,,,,,,
95,ConstructionWorkZone-6e63a3af-a6c7-4ced-af6f-64891baed63a,603d26f98b7430fa828aa199,contractor@navjoyinc.com,2021-03-01T17:55:12.820Z,contractor@navjoyinc.com,2021-03-01T17:55:12.820Z,,,,,,,,,,,,,,,,
96,ConstructionWorkZone-f7455631-5cad-4fb1-95ed-fc6a1533f997,603d29538b7430fa828ae1ff,contractor@navjoyinc.com,2021-03-01T18:10:06.422Z,contractor@navjoyinc.com,2021-03-01T18:10:06.422Z,,,,,,,,,,,,,,,,
97,ConstructionWorkZone-cead80be-33ee-4afe-bc4b-8f1a8e223b2d,603d2a808b7430fa828aef6f,contractor@navjoyinc.com,2021-03-01T19:00:08.343Z,contractor@navjoyinc.com,2021-03-01T19:00:08.343Z,,,,,,,,,,,,,,,,
98,ConstructionWorkZone-9352955f-7b93-4f73-b0e8-79ee55a3e861,603d2a808b7430fa828aefc7,contractor@navjoyinc.com,2021-03-01T18:30:10.825Z,contractor@navjoyinc.com,2021-03-01T18:30:10.825Z,,,,,,,,,,,,,,,,
99,ConstructionWorkZone-e3c5dff7-d102-4cea-9607-6c13bf050a73,603d2bad8b7430fa828af9f6,contractor@navjoyinc.com,2021-03-01T19:20:12.519Z,contractor@navjoyinc.com,2021-03-01T19:20:12.519Z,,,,,,,,,,,,,,,,
100,ConstructionWorkZone-157e9c3f-5379-4a11-932a-382ef7706df6,603d2dfe8b7430fa828b167f,contractor@navjoyinc.com,2021-03-02T05:30:12.860Z,contractor@navjoyinc.com,2021-03-02T05:30:12.860Z,,,,,,,,,,,,,,,,
101,ConstructionWorkZone-309ee2f9-c923-44e6-8526-ce6eb3288145,603d2f2b8b7430fa828b2ab1,contractor@navjoyinc.com,2021-03-01T21:35:14.139Z,contractor@navjoyinc.com,2021-03-01T21:35:14.139Z,,,,,,,,,,,,,,,,
102,ConstructionWorkZone-6e714f2a-c3c7-45a6-825e-d2664ef23169,603d39b88b7430fa828b98f5,contractor@navjoyinc.com,2021-03-01T21:45:06.576Z,contractor@navjoyinc.com,2021-03-01T21:45:06.576Z,,,,,,,,,,,,,,,,
103,ConstructionWorkZone-53da8a5b-c38d-4be1-8719-f26bbe5267a2,603d3ae58b7430fa828bafd7,contractor@navjoyinc.com,2021-03-01T20:10:14.502Z,contractor@navjoyinc.com,2021-03-01T20:10:14.502Z,,,,,,,,,,,,,,,,
104,ConstructionWorkZone-527f531d-bd53-4b5e-9bf0-213a2181b6dd,603d3c128b7430fa828bb97e,contractor@navjoyinc.com,2021-03-02T06:25:06.356Z,contractor@navjoyinc.com,2021-03-02T06:25:06.356Z,,,,,,,,,,,,,,,,
105,ConstructionWorkZone-19806a20-f818-435c-91f3-769e6b424e46,603d3d3f8b7430fa828bbfb2,contractor@navjoyinc.com,2021-03-01T22:55:12.829Z,contractor@navjoyinc.com,2021-03-01T22:55:12.829Z,,,,,,,,,,,,,,,,
106,ConstructionWorkZone-8bc0c862-6f45-405d-80f1-4f9cd1d0ad7e,603d3f998b7430fa828bcdf9,contractor@navjoyinc.com,2021-03-01T19:35:06.098Z,contractor@navjoyinc.com,2021-03-01T19:35:06.098Z,,,,,,,,,,,,,,,,
107,ConstructionWorkZone-95c60de4-cade-4b96-b587-979fd547f6c1,603d43178b7430fa828be15c,contractor@navjoyinc.com,2021-03-01T19:40:07.309Z,contractor@navjoyinc.com,2021-03-01T19:40:07.309Z,,,,,,,,,,,,,,,,
108,ConstructionWorkZone-605d91c7-a2e5-4f81-ac24-c8c6dd2de81a,603d44448b7430fa828be7f2,contractor@navjoyinc.com,2021-03-02T01:40:09.869Z,contractor@navjoyinc.com,2021-03-02T01:40:09.869Z,,,,,,,,,,,,,,,,
109,ConstructionWorkZone-187d519d-1027-423e-a918-fe5ac0a54718,603d44448b7430fa828be809,contractor@navjoyinc.com,2021-03-01T19:45:08.396Z,contractor@navjoyinc.com,2021-03-01T19:45:08.396Z,,,,,,,,,,,,,,,,
110,ConstructionWorkZone-de74bb6f-f0e1-4196-9130-5f217a089add,603d45718b7430fa828bee66,contractor@navjoyinc.com,2021-03-02T00:25:13.082Z,contractor@navjoyinc.com,2021-03-02T00:25:13.082Z,,,,,,,,,,,,,,,,
111,ConstructionWorkZone-0916f5a0-652d-468b-914f-d037697b9919,603d45718b7430fa828beef0,contractor@navjoyinc.com,2021-03-01T20:05:13.796Z,contractor@navjoyinc.com,2021-03-01T20:05:13.796Z,,,,,,,,,,,,,,,,
112,ConstructionWorkZone-eb803285-673e-4898-ba5e-a59000d5495d,603d469e8b7430fa828bf522,contractor@navjoyinc.com,2021-03-01T21:35:14.138Z,contractor@navjoyinc.com,2021-03-01T21:35:14.138Z,,,,,,,,,,,,,,,,
113,ConstructionWorkZone-3a30f819-594c-4ec6-a990-afe407c79757,603d4a268b7430fa828c092c,contractor@navjoyinc.com,2021-03-01T20:20:06.640Z,contractor@navjoyinc.com,2021-03-01T20:20:06.640Z,,,,,,,,,,,,,,,,
114,ConstructionWorkZone-50e7e2ae-715f-416d-8a52-512ece2c689e,603d4b498b7430fa828c0f3e,contractor@navjoyinc.com,2021-03-01T23:30:10.770Z,contractor@navjoyinc.com,2021-03-01T23:30:10.770Z,,,,,,,,,,,,,,,,
115,ConstructionWorkZone-eac499f2-5708-4666-8c1d-070209f52fb3,603d9c2e8b7430fa828df4cf,contractor@navjoyinc.com,2021-03-02T02:00:14.430Z,contractor@navjoyinc.com,2021-03-02T02:00:14.430Z,,,,,,,,,,,,,,,,
116,ConstructionWorkZone-8795eb72-dade-4567-98ba-5f451252aaba,603d9d518b7430fa828dfae0,contractor@navjoyinc.com,2021-03-02T02:05:05.533Z,contractor@navjoyinc.com,2021-03-02T02:05:05.533Z,,,,,,,,,,,,,,,,
117,ConstructionWorkZone-513644d7-42fe-45af-86b0-1b590899bbd0,603d9e7e8b7430fa828e0127,contractor@navjoyinc.com,2021-03-02T02:15:07.821Z,contractor@navjoyinc.com,2021-03-02T02:15:07.821Z,,,,,,,,,,,,,,,,
118,ConstructionWorkZone-f8ba1590-5327-4d13-9cc1-5a0be4c24716,603da0d88b7430fa828e1143,contractor@navjoyinc.com,2021-03-02T02:30:11.067Z,contractor@navjoyinc.com,2021-03-02T02:30:11.067Z,,,,,,,,,,,,,,,,
119,ConstructionWorkZone-aeaa432b-2d2f-4b58-858c-8a2ac18bc73d,603da6ba8b7430fa828e3106,contractor@navjoyinc.com,2021-03-02T04:05:12.292Z,contractor@navjoyinc.com,2021-03-02T04:05:12.292Z,,,,,,,,,,,,,,,,
120,ConstructionWorkZone-5f3ac009-7fa2-431f-bf96-f67ed52d67e8,603da6ba8b7430fa828e315e,contractor@navjoyinc.com,2021-03-02T02:50:05.536Z,contractor@navjoyinc.com,2021-03-02T02:50:05.536Z,,,,,,,,,,,,,,,,
121,ConstructionWorkZone-6a15788a-cb95-41fc-9318-bf357aac79ab,603dac918b7430fa828e50f3,contractor@navjoyinc.com,2021-03-02T03:15:11.066Z,contractor@navjoyinc.com,2021-03-02T03:15:11.066Z,,,,,,,,,,,,,,,,
122,ConstructionWorkZone-c1e4792c-eb13-4561-88ff-aba827d0f0e9,603db0198b7430fa828e75ad,contractor@navjoyinc.com,2021-03-02T03:45:07.765Z,contractor@navjoyinc.com,2021-03-02T03:45:07.765Z,,,,,,,,,,,,,,,,
123,ConstructionWorkZone-b97e9c8f-e665-4fd6-b05f-fbf97d4bb366,603db0198b7430fa828e75f5,contractor@navjoyinc.com,2021-03-02T03:35:05.565Z,contractor@navjoyinc.com,2021-03-02T03:35:05.565Z,,,,,,,,,,,,,,,,
124,ConstructionWorkZone-fa97d17b-42af-47f9-b1fd-195cc79cb94a,603dc2d78b7430fa828f0c96,contractor@navjoyinc.com,2021-03-02T05:00:05.546Z,contractor@navjoyinc.com,2021-03-02T05:00:05.546Z,,,,,,,,,,,,,,,,
125,ConstructionWorkZone-6f80b14b-f4cf-4439-9180-c66ea7efd802,603dc9dd8b7430fa828f9240,contractor@navjoyinc.com,2021-03-02T05:15:09.182Z,contractor@navjoyinc.com,2021-03-02T05:15:09.182Z,,,,,,,,,,,,,,,,
126,ConstructionWorkZone-97f4b1b4-4987-4548-814d-002323858a5d,60881c1554c9da003a1f66e3,nnageli@navjoyinc.com.demo,2021-04-27T14:13:41.390Z,nnageli@navjoyinc.com.demo,2021-05-26T16:44:16.104Z,Lane Expansion,Chambers Road,Brighton Blvd,I-70,,,,,,Active,,,,,,
127,ConstructionWorkZone-60120aa1-8fba-4245-a3ef-65d508f648d2,5c1d0ade99bddb00565a0c8f,nnageli@navjoyinc.com.cdotgov,2018-12-21T15:46:38.086Z,nnageli@navjoyinc.com.cdotgov,2019-05-29T14:56:56.217Z,Bridge,,,I-25,58.08,59.01,"(Sunday, May 26, 2019 - Saturday, June 1, 2019) : Delays Possible,Detour in Place,Speeds Reduced,Temporary Signals Used,Traffic Shift,Width Restrictions: 12 Ft.",12-16-2018 02:00,10-31-2019 02:00,Planned,12-21-2018 09:00,,"name : I-25 and Butte Creek, description :  Bridge Construction Permit, url : https://assetgovprod.s3-us-west-2.amazonaws.com/Documents/CDOT%20Gov/documents/undefined64a0c8aa-f3d1-4a55-9b6c-50aea4fcd10aPermit%20Document%20for%20Work%20Zones.docx",2468,https://assetgovprod.s3-us-west-2.amazonaws.com/Documents/CDOT%20Gov/documents/undefined64a0c8aa-f3d1-4a55-9b6c-50aea4fcd10aPermit%20Document%20for%20Work%20Zones.docx,I-25 and Butte Creek / Bridge Construction Permit
128,ConstructionWorkZone-38b51f57-86c6-4484-a80b-2efe8c351a78,5c2cd5dc1664640041e7b1dd,nnageli@navjoyinc.com.cdotgov,2019-01-02T15:16:44.877Z,lsangappa@navjoyinc.com,2019-06-10T14:05:29.008Z,Lane Expansion,SH-105,Crystal Valley Pkwy,I-25,179,161,"Drivers should expect slower speed limits (65 mph), narrower lanes, increased volume, nighttime lane closures, and construction trucks entering and exiting the interstate throughout the corridor.",09-01-2018 02:00,12-31-2021 02:00,Active,09-01-2018 02:00,,"name : I-25 NB/SB Gap, description :  Road Construction Permit, url : https://assetgovprod.s3-us-west-2.amazonaws.com/Documents/CDOT%20Gov/documents/undefinedf17e6872-a674-4b3a-ae34-6e6adb8789c2Permit%20Document%20for%20Work%20Zones.docx",2468,https://assetgovprod.s3-us-west-2.amazonaws.com/Documents/CDOT%20Gov/documents/undefined91772a3b-eda7-460d-822c-cd6a8e540abei-25-south-gap-brochure.pdf,I-25 South Gap Project Brochure / I-25 South Gap Project Monument-Castle Rock Brochure
128,ConstructionWorkZone-38b51f57-86c6-4484-a80b-2efe8c351a78,5c2cd5dc1664640041e7b1dd,nnageli@navjoyinc.com.cdotgov,2019-01-02T15:16:44.877Z,lsangappa@navjoyinc.com,2019-06-10T14:05:29.008Z,Lane Expansion,SH-105,Crystal Valley Pkwy,I-25,179,161,"Drivers should expect slower speed limits (65 mph), narrower lanes, increased volume, nighttime lane closures, and construction trucks entering and exiting the interstate throughout the corridor.",09-01-2018 02:00,12-31-2021 02:00,Active,09-01-2018 02:00,,"name : I-25 NB/SB Gap, description :  Road Construction Permit, url : https://assetgovprod.s3-us-west-2.amazonaws.com/Documents/CDOT%20Gov/documents/undefinedf17e6872-a674-4b3a-ae34-6e6adb8789c2Permit%20Document%20for%20Work%20Zones.docx",2468,https://assetgovprod.s3-us-west-2.amazonaws.com/Documents/CDOT%20Gov/documents/undefinedc123a93c-38b2-4bf5-9808-8ae441222daaEmergency%20Contacts_as%20of%202019.02.21.pdf,I-25 Gap Project / Emergency Contacts
128,ConstructionWorkZone-38b51f57-86c6-4484-a80b-2efe8c351a78,5c2cd5dc1664640041e7b1dd,nnageli@navjoyinc.com.cdotgov,2019-01-02T15:16:44.877Z,lsangappa@navjoyinc.com,2019-06-10T14:05:29.008Z,Lane Expansion,SH-105,Crystal Valley Pkwy,I-25,179,161,"Drivers should expect slower speed limits (65 mph), narrower lanes, increased volume, nighttime lane closures, and construction trucks entering and exiting the interstate throughout the corridor.",09-01-2018 02:00,12-31-2021 02:00,Active,09-01-2018 02:00,,"name : I-25 NB/SB Gap, description :  Road Construction Permit, url : https://assetgovprod.s3-us-west-2.amazonaws.com/Documents/CDOT%20Gov/documents/undefinedf17e6872-a674-4b3a-ae34-6e6adb8789c2Permit%20Document%20for%20Work%20Zones.docx",2468,https://assetgovprod.s3-us-west-2.amazonaws.com/Documents/CDOT%20Gov/documents/undefinedced878ff-286f-49a5-97b8-80af1ae5d552I-25%20Project%20Operations%20Center%20Guidelines%20Final%20%282%29.pdf,I-25 Gap Project / Project Operations Center Guidelines
128,ConstructionWorkZone-38b51f57-86c6-4484-a80b-2efe8c351a78,5c2cd5dc1664640041e7b1dd,nnageli@navjoyinc.com.cdotgov,2019-01-02T15:16:44.877Z,lsangappa@navjoyinc.com,2019-06-10T14:05:29.008Z,Lane Expansion,SH-105,Crystal Valley Pkwy,I-25,179,161,"Drivers should expect slower speed limits (65 mph), narrower lanes, increased volume, nighttime lane closures, and construction trucks entering and exiting the interstate throughout the corridor.",09-01-2018 02:00,12-31-2021 02:00,Active,09-01-2018 02:00,,"name : I-25 NB/SB Gap, description :  Road Construction Permit, url : https://assetgovprod.s3-us-west-2.amazonaws.com/Documents/CDOT%20Gov/documents/undefinedf17e6872-a674-4b3a-ae34-6e6adb8789c2Permit%20Document%20for%20Work%20Zones.docx",2468,https://assetgovprod.s3-us-west-2.amazonaws.com/Documents%2FCDOT+Gov%2Fdocuments%2Fundefined8ecdec92-7a58-464a-b6b9-8696d35915b6Organizational+Chart_CDOT+KNA+Discipline_as+of+2019.05.10.pdf,I-25 Gap Project / Owner/Contractor Org Chart
128,ConstructionWorkZone-38b51f57-86c6-4484-a80b-2efe8c351a78,5c2cd5dc1664640041e7b1dd,nnageli@navjoyinc.com.cdotgov,2019-01-02T15:16:44.877Z,lsangappa@navjoyinc.com,2019-06-10T14:05:29.008Z,Lane Expansion,SH-105,Crystal Valley Pkwy,I-25,179,161,"Drivers should expect slower speed limits (65 mph), narrower lanes, increased volume, nighttime lane closures, and construction trucks entering and exiting the interstate throughout the corridor.",09-01-2018 02:00,12-31-2021 02:00,Active,09-01-2018 02:00,,"name : I-25 NB/SB Gap, description :  Road Construction Permit, url : https://assetgovprod.s3-us-west-2.amazonaws.com/Documents/CDOT%20Gov/documents/undefinedf17e6872-a674-4b3a-ae34-6e6adb8789c2Permit%20Document%20for%20Work%20Zones.docx",2468,https://assetgovprod.s3-us-west-2.amazonaws.com/Documents/CDOT%20Gov/documents/undefined0ef5a89c-3db3-4dd2-9320-87e4b11b739fOrganizational%20Chart_CDOT%20Only_as%20of%202019.05.17.pdf,I-25 Gap Project / Project Organizational Chart
128,ConstructionWorkZone-38b51f57-86c6-4484-a80b-2efe8c351a78,5c2cd5dc1664640041e7b1dd,nnageli@navjoyinc.com.cdotgov,2019-01-02T15:16:44.877Z,lsangappa@navjoyinc.com,2019-06-10T14:05:29.008Z,Lane Expansion,SH-105,Crystal Valley Pkwy,I-25,179,161,"Drivers should expect slower speed limits (65 mph), narrower lanes, increased volume, nighttime lane closures, and construction trucks entering and exiting the interstate throughout the corridor.",09-01-2018 02:00,12-31-2021 02:00,Active,09-01-2018 02:00,,"name : I-25 NB/SB Gap, description :  Road Construction Permit, url : https://assetgovprod.s3-us-west-2.amazonaws.com/Documents/CDOT%20Gov/documents/undefinedf17e6872-a674-4b3a-ae34-6e6adb8789c2Permit%20Document%20for%20Work%20Zones.docx",2468,https://assetgovprod.s3-us-west-2.amazonaws.com/Documents/CDOT%20Gov/documents/undefinedf17e6872-a674-4b3a-ae34-6e6adb8789c2Permit%20Document%20for%20Work%20Zones.docx,I-25 NB/SB Gap / Road Construction Permit
129,ConstructionWorkZone-a92acee7-aed6-4d53-9d69-7ddaf57dc530,5cafa13427f3ca004bf30d29,sschmidtlein@navjoyinc.com.cdotgov,2019-04-11T20:19:00.913Z,nnageli@navjoyinc.com.cdotgov,2019-05-29T15:20:59.739Z,Road,Lincoln St,I-225,US 40,298.11,306.32,"(Sunday, April 7, 2019 - Saturday, April 13, 2019) : Trucks Entering and Exiting Work Zone",04-07-2019 02:00,05-31-2020 02:00,Active,04-07-2019 02:00,,,,https://assetgovprod.s3-us-west-2.amazonaws.com/Documents/CDOT%20Gov/documents/undefined050b71fe-e7fe-4fc2-bf5a-766201fac5ccPermit%20Document%20for%20Work%20Zones.docx,US 40 EB/WB Colfax Ave / Road Construction Permit
130,ConstructionWorkZone-3f81d125-e0cc-45ea-945e-94d6a0085d0b,5cb49d8127f3ca004bf30e6f,sschmidtlein@navjoyinc.com.cdotgov,2019-04-15T15:04:33.222Z,nnageli@navjoyinc.com.cdotgov,2019-05-29T15:50:31.840Z,Traffic Signal Installation,McCaslin Blvd,Interlocken Blvd,US 128,3.94,7.66,"(Sunday, May 26, 2019 - Saturday, June 1, 2019) : Flagger Operations",04-15-2019 11:00,07-31-2019 02:00,Active,04-15-2019 11:00,,"name : CO 128 NB/SB along US 287, description :  Traffic Signal Installation Permit, url : https://assetgovprod.s3-us-west-2.amazonaws.com/Documents/CDOT%20Gov/documents/undefined6ad4647a-248a-46a1-95e6-7f15728c648fPermit%20Document%20for%20Work%20Zones.docx",2468,https://assetgovprod.s3-us-west-2.amazonaws.com/Documents/CDOT%20Gov/documents/undefined6ad4647a-248a-46a1-95e6-7f15728c648fPermit%20Document%20for%20Work%20Zones.docx,CO 128 NB/SB along US 287 / Traffic Signal Installation Permit
131,ConstructionWorkZone-042ea35d-1719-4358-80f6-ee9e0de92de2,5e71eeb264c725003ab2037b,avishwanath@navjoyinc.com,2020-03-18T09:49:38.338Z,avishwanath@navjoyinc.com,2020-03-18T09:49:38.338Z,Other,Test Street From,Test Street To,,,,,,,Completed,,,"name : testInlineDoc 001, description :  , url : https://assetgovprod.s3-us-west-2.amazonaws.com/Documents//documents/ConstructionWorkZonec7869b89-0b94-4911-a53a-6e1c61d1ba5eScreenshot%202019-12-13%20at%205.01.19%20PM.png",,,
132,ConstructionWorkZone-42e59cf9-ffde-4493-b32c-9a22c001f569,5f7cd081f7e63200391a8678,patrick.chavez@cdot.com,2020-10-06T20:16:01.172Z,patrick.chavez@cdot.com,2020-10-06T20:19:09.660Z,Lane Expansion,E 470,Erie Pkwy,025A,231.7,233.5,Daily Lane Closures,10-01-2020 16:14,01-29-2021 16:14,Active,10-01-2020 16:18,,,,,
133,ConstructionWorkZone-c3e048b0-4dcf-479c-a830-a61457def6ee,5fcc8799cbfe75003b5c0e59,admin@web.com,2020-12-06T07:26:17.169Z,approver1@web.com,2020-12-14T10:27:48.926Z,Traffic Signal Installation,,,123,,,,12-14-2020 05:27,12-14-2020 05:27,Active,,,,,,
134,ConstructionWorkZone-f9604ed9-dbdd-474f-aeb5-02ca14fceec4,600861cbc792520039c46633,tleiss@paturnpike.com,2021-01-20T17:00:59.613Z,tleiss@paturnpike.com,2021-01-20T17:00:59.613Z,Bridge,Front St,Woodmont Rd,I-76,23.5,24.3,One Lane Closure,01-18-2021 11:55,01-29-2021 11:55,Active,01-18-2021 11:59,,"name : Work Zone Permit, description :  Permit for bridge work, url : https://assetgovprod.s3-us-west-2.amazonaws.com/Documents/PennTIME/Files/ace9e6c3-60cc-43e1-90dc-437899b9ff63Work%20Zone%20Permit",524-5246243,,
135,ConstructionWorkZone-3cb5f924-c107-48d2-a3b2-2d46ba9883e8,603c7d168b7430fa827f9349,contractor@navjoyinc.com,2021-03-01T17:15:13.494Z,contractor@navjoyinc.com,2021-03-01T17:15:13.494Z,,,,,,,,,,,,,,,,
136,ConstructionWorkZone-152a3e92-4be7-4b29-9dd2-0b7015ad921c,603c7d168b7430fa827f9362,contractor@navjoyinc.com,2021-03-01T13:35:12.467Z,contractor@navjoyinc.com,2021-03-01T13:35:12.467Z,,,,,,,,,,,,,,,,
137,ConstructionWorkZone-e5b4daf8-3246-46d5-a32a-096c53915f0d,603c7d168b7430fa827f9369,contractor@navjoyinc.com,2021-03-01T11:10:06.838Z,contractor@navjoyinc.com,2021-03-01T11:10:06.838Z,,,,,,,,,,,,,,,,
138,ConstructionWorkZone-97c94057-a500-4ff1-91bd-602457129266,603c7d168b7430fa827f936d,contractor@navjoyinc.com,2021-03-01T09:40:06.889Z,contractor@navjoyinc.com,2021-03-01T09:40:06.889Z,,,,,,,,,,,,,,,,
139,ConstructionWorkZone-7665b32f-8e75-485e-8f3e-20468cc7b44f,603c7d168b7430fa827f9373,contractor@navjoyinc.com,2021-03-01T21:35:14.138Z,contractor@navjoyinc.com,2021-03-01T21:35:14.138Z,,,,,,,,,,,,,,,,
140,ConstructionWorkZone-3e9617f1-c897-4a32-a096-03b1ff607271,603c7d168b7430fa827f9376,contractor@navjoyinc.com,2021-03-01T10:55:13.422Z,contractor@navjoyinc.com,2021-03-01T10:55:13.422Z,,,,,,,,,,,,,,,,
141,ConstructionWorkZone-01710bb4-1701-4827-b18a-921eb6e92ce8,603c7d168b7430fa827f9379,contractor@navjoyinc.com,2021-03-01T06:20:12.348Z,contractor@navjoyinc.com,2021-03-01T06:20:12.348Z,,,,,,,,,,,,,,,,
142,ConstructionWorkZone-ad6a0a49-92f0-4f0a-a77b-c59073e33e27,603c7d168b7430fa827f937d,contractor@navjoyinc.com,2021-03-01T08:10:07.153Z,contractor@navjoyinc.com,2021-03-01T08:10:07.153Z,,,,,,,,,,,,,,,,
143,ConstructionWorkZone-0714716c-20d5-4af3-a3f6-8d713f0f3fbe,603c7d168b7430fa827f9388,contractor@navjoyinc.com,2021-03-01T05:45:14.693Z,contractor@navjoyinc.com,2021-03-01T05:45:14.693Z,,,,,,,,,,,,,,,,
144,ConstructionWorkZone-23a716d6-f11a-462a-ae0d-0417fdd2e3c7,603c808d8b7430fa82802913,contractor@navjoyinc.com,2021-03-01T17:15:13.496Z,contractor@navjoyinc.com,2021-03-01T17:15:13.496Z,,,,,,,,,,,,,,,,
145,ConstructionWorkZone-51087a3a-760c-4501-9364-069568084007,603ca0318b7430fa8283f392,contractor@navjoyinc.com,2021-03-01T08:05:05.923Z,contractor@navjoyinc.com,2021-03-01T08:05:05.923Z,,,,,,,,,,,,,,,,
146,ConstructionWorkZone-a381b66d-f871-4601-b80e-289d5a7c60b1,603ca28c8b7430fa82842ff2,contractor@navjoyinc.com,2021-03-01T19:40:07.309Z,contractor@navjoyinc.com,2021-03-01T19:40:07.309Z,,,,,,,,,,,,,,,,
147,ConstructionWorkZone-5b64645e-0b1f-4642-9a8f-f844dedf7b58,603ca28c8b7430fa82843009,contractor@navjoyinc.com,2021-03-01T08:15:08.106Z,contractor@navjoyinc.com,2021-03-01T08:15:08.106Z,,,,,,,,,,,,,,,,
148,ConstructionWorkZone-f9d3d956-ce5f-484b-9465-c69a2c65d74e,603ca3b98b7430fa82844e3c,contractor@navjoyinc.com,2021-03-01T08:20:09.289Z,contractor@navjoyinc.com,2021-03-01T08:20:09.289Z,,,,,,,,,,,,,,,,
149,ConstructionWorkZone-f7409ed6-981b-4cb0-9117-865a137b6afe,603ca4e68b7430fa82846172,contractor@navjoyinc.com,2021-03-01T08:25:10.121Z,contractor@navjoyinc.com,2021-03-01T08:25:10.121Z,,,,,,,,,,,,,,,,
150,ConstructionWorkZone-0e08de76-dc62-4803-a7a6-6ca1dececd56,603ca6138b7430fa82846fc1,contractor@navjoyinc.com,2021-03-01T08:35:12.403Z,contractor@navjoyinc.com,2021-03-01T08:35:12.403Z,,,,,,,,,,,,,,,,
151,ConstructionWorkZone-b651db48-bb9f-4768-a186-63e4c2c06309,603cae458b7430fa8284b0a8,contractor@navjoyinc.com,2021-03-01T20:40:11.190Z,contractor@navjoyinc.com,2021-03-01T20:40:11.190Z,,,,,,,,,,,,,,,,
152,ConstructionWorkZone-2dd28a87-a92d-42d4-97ea-2d4578199374,603cb7a48b7430fa82855533,contractor@navjoyinc.com,2021-03-01T12:15:12.858Z,contractor@navjoyinc.com,2021-03-01T12:15:12.858Z,,,,,,,,,,,,,,,,
153,ConstructionWorkZone-202e1628-ed97-4c10-aca3-032774daa4f8,603cca628b7430fa82868b1e,contractor@navjoyinc.com,2021-03-01T22:45:10.325Z,contractor@navjoyinc.com,2021-03-01T22:45:10.325Z,,,,,,,,,,,,,,,,
154,ConstructionWorkZone-f12e8e22-cfa3-48e7-8407-f767c05c974b,603cccbc8b7430fa8286a55c,contractor@navjoyinc.com,2021-03-01T22:35:08.067Z,contractor@navjoyinc.com,2021-03-01T22:35:08.067Z,,,,,,,,,,,,,,,,
155,ConstructionWorkZone-b1502ed3-20af-43fc-b624-c855c0debee9,603cd61b8b7430fa82871d50,contractor@navjoyinc.com,2021-03-01T13:30:11.441Z,contractor@navjoyinc.com,2021-03-01T13:30:11.441Z,,,,,,,,,,,,,,,,
156,ConstructionWorkZone-9fca4d79-0db0-4748-a68a-8034abae242d,603cd61b8b7430fa82871d55,contractor@navjoyinc.com,2021-03-01T16:30:13.156Z,contractor@navjoyinc.com,2021-03-01T16:30:13.156Z,,,,,,,,,,,,,,,,
157,ConstructionWorkZone-5d5a5e51-d3de-4cd2-b6d0-d83455b58bef,603cde4e8b7430fa82874d05,contractor@navjoyinc.com,2021-03-01T12:45:10.458Z,contractor@navjoyinc.com,2021-03-01T12:45:10.458Z,,,,,,,,,,,,,,,,
158,ConstructionWorkZone-eaf5cb20-fd88-47ae-84b3-99e5ef190327,603cf5c28b7430fa8287c9fb,contractor@navjoyinc.com,2021-03-01T14:10:10.582Z,contractor@navjoyinc.com,2021-03-01T14:10:10.582Z,,,,,,,,,,,,,,,,
159,ConstructionWorkZone-108e0d62-f50d-4a87-b356-43e4870f2a43,603cf6ef8b7430fa8287d0be,contractor@navjoyinc.com,2021-03-01T17:20:14.621Z,contractor@navjoyinc.com,2021-03-01T17:20:14.621Z,,,,,,,,,,,,,,,,
160,ConstructionWorkZone-94403b8c-0198-493f-b00a-483453684cdb,603cf6ef8b7430fa8287d10d,contractor@navjoyinc.com,2021-03-01T14:45:08.569Z,contractor@navjoyinc.com,2021-03-01T14:45:08.569Z,,,,,,,,,,,,,,,,
161,ConstructionWorkZone-a6826aa9-4e37-420c-9c48-412b61894a97,603cf6ef8b7430fa8287d112,contractor@navjoyinc.com,2021-03-01T14:35:06.289Z,contractor@navjoyinc.com,2021-03-01T14:35:06.289Z,,,,,,,,,,,,,,,,
162,ConstructionWorkZone-f3ba9ec2-2831-4045-99ff-d2427b8f92a9,603cf9498b7430fa8287fca6,contractor@navjoyinc.com,2021-03-01T14:25:13.906Z,contractor@navjoyinc.com,2021-03-01T14:25:13.906Z,,,,,,,,,,,,,,,,
163,ConstructionWorkZone-5323d31a-56f9-4bd5-9b59-0774356a3953,603cf9498b7430fa8287fd19,contractor@navjoyinc.com,2021-03-01T14:45:08.569Z,contractor@navjoyinc.com,2021-03-01T14:45:08.569Z,,,,,,,,,,,,,,,,
164,ConstructionWorkZone-d85d3156-0e9f-4331-be82-a7c156e96a95,603cfa778b7430fa82880304,contractor@navjoyinc.com,2021-03-02T01:10:13.174Z,contractor@navjoyinc.com,2021-03-02T01:10:13.174Z,,,,,,,,,,,,,,,,
165,ConstructionWorkZone-ee702737-5c4e-4edb-9e00-b5e142cb7ee0,603d1c6d8b7430fa8289bf80,contractor@navjoyinc.com,2021-03-01T16:55:08.977Z,contractor@navjoyinc.com,2021-03-01T16:55:08.977Z,,,,,,,,,,,,,,,,
166,ConstructionWorkZone-b4981996-2bfd-4684-85ed-d1ee6338eef1,603d4c768b7430fa828c1647,contractor@navjoyinc.com,2021-03-01T23:45:14.415Z,contractor@navjoyinc.com,2021-03-01T23:45:14.415Z,,,,,,,,,,,,,,,,
167,ConstructionWorkZone-8c9758b0-c6f3-4d35-a167-552329d95a83,603d4ed38b7430fa828c2363,contractor@navjoyinc.com,2021-03-01T22:55:12.830Z,contractor@navjoyinc.com,2021-03-01T22:55:12.830Z,,,,,,,,,,,,,,,,
168,ConstructionWorkZone-540f7d87-2d38-4bfd-810e-4fc50ad522cf,603d5f3f8b7430fa828c95e2,contractor@navjoyinc.com,2021-03-02T01:00:11.045Z,contractor@navjoyinc.com,2021-03-02T01:00:11.045Z,,,,,,,,,,,,,,,,
169,ConstructionWorkZone-a32aa2f3-72a7-4125-ac04-9f4c1a5ffe61,603d5f3f8b7430fa828c963c,contractor@navjoyinc.com,2021-03-01T21:50:07.827Z,contractor@navjoyinc.com,2021-03-01T21:50:07.827Z,,,,,,,,,,,,,,,,
170,ConstructionWorkZone-9f6a6616-14f9-4b20-afea-4dfba413f8e1,603d618f8b7430fa828ca39b,contractor@navjoyinc.com,2021-03-01T21:55:08.753Z,contractor@navjoyinc.com,2021-03-01T21:55:08.753Z,,,,,,,,,,,,,,,,
171,ConstructionWorkZone-31864bd0-79a8-4b84-ac96-e2d776e508bd,603d65178b7430fa828cb570,contractor@navjoyinc.com,2021-03-01T22:10:13.164Z,contractor@navjoyinc.com,2021-03-01T22:10:13.164Z,,,,,,,,,,,,,,,,
172,ConstructionWorkZone-a2af3313-d620-417a-898c-03592e96a80b,603d67718b7430fa828cc273,contractor@navjoyinc.com,2021-03-01T22:35:08.067Z,contractor@navjoyinc.com,2021-03-01T22:35:08.067Z,,,,,,,,,,,,,,,,
173,ConstructionWorkZone-7ea2d396-76ac-4e74-9f54-211fadb2d174,603d689e8b7430fa828cc9f5,contractor@navjoyinc.com,2021-03-01T22:30:06.843Z,contractor@navjoyinc.com,2021-03-01T22:30:06.843Z,,,,,,,,,,,,,,,,
174,ConstructionWorkZone-e5417f72-c002-4381-a39b-9cff4f8776b3,603d6c1c8b7430fa828cef12,contractor@navjoyinc.com,2021-03-01T22:35:08.067Z,contractor@navjoyinc.com,2021-03-01T22:35:08.067Z,,,,,,,,,,,,,,,,
175,ConstructionWorkZone-bc8bf281-06ed-4d11-8223-5506f843a543,603d6d4a8b7430fa828cf5a0,contractor@navjoyinc.com,2021-03-01T22:50:11.526Z,contractor@navjoyinc.com,2021-03-01T22:50:11.526Z,,,,,,,,,,,,,,,,
176,ConstructionWorkZone-fb6e2a24-16a0-45b1-bb47-0de0696ec879,603d6e768b7430fa828cfc49,contractor@navjoyinc.com,2021-03-01T23:00:13.926Z,contractor@navjoyinc.com,2021-03-01T23:00:13.926Z,,,,,,,,,,,,,,,,
177,ConstructionWorkZone-f89a8f31-7249-4d92-8cf3-28e9538feced,603d6fa38b7430fa828d02ee,contractor@navjoyinc.com,2021-03-02T00:25:13.082Z,contractor@navjoyinc.com,2021-03-02T00:25:13.082Z,,,,,,,,,,,,,,,,
178,ConstructionWorkZone-1fbec336-44d4-47f5-96f8-8b2aff4506c1,603d71fd8b7430fa828d0f9f,contractor@navjoyinc.com,2021-03-01T23:05:15.021Z,contractor@navjoyinc.com,2021-03-01T23:05:15.021Z,,,,,,,,,,,,,,,,
179,ConstructionWorkZone-7f7a3b94-1901-4ea2-8707-75aa71bd3766,603d732b8b7430fa828d1606,contractor@navjoyinc.com,2021-03-01T23:20:08.805Z,contractor@navjoyinc.com,2021-03-01T23:20:08.805Z,,,,,,,,,,,,,,,,
180,ConstructionWorkZone-0a3ab8c1-63e2-4eee-a873-3bb108d09968,603d744e8b7430fa828d1c0e,contractor@navjoyinc.com,2021-03-01T23:35:11.968Z,contractor@navjoyinc.com,2021-03-01T23:35:11.968Z,,,,,,,,,,,,,,,,
181,ConstructionWorkZone-03e4fd02-b0a7-4a62-861b-a0bd27d061a2,603d77d58b7430fa828d3010,contractor@navjoyinc.com,2021-03-01T23:40:12.952Z,contractor@navjoyinc.com,2021-03-01T23:40:12.952Z,,,,,,,,,,,,,,,,
182,ConstructionWorkZone-33a0e010-5e24-4986-b737-a833f9ea473f,603d7a2f8b7430fa828d3c4c,contractor@navjoyinc.com,2021-03-02T00:10:09.762Z,contractor@navjoyinc.com,2021-03-02T00:10:09.762Z,,,,,,,,,,,,,,,,
183,ConstructionWorkZone-488cb86e-777c-4c6f-88a9-30a540e414ac,603d7c8a8b7430fa828d4997,contractor@navjoyinc.com,2021-03-02T00:00:07.464Z,contractor@navjoyinc.com,2021-03-02T00:00:07.464Z,,,,,,,,,,,,,,,,
184,ConstructionWorkZone-57110786-7993-47ff-8dcd-39da4f258673,603d81348b7430fa828d630c,contractor@navjoyinc.com,2021-03-02T00:05:08.637Z,contractor@navjoyinc.com,2021-03-02T00:05:08.637Z,,,,,,,,,,,,,,,,
185,ConstructionWorkZone-2dd9d408-9e29-49f6-b7b6-50c9b461a797,603d82618b7430fa828d6959,contractor@navjoyinc.com,2021-03-02T00:25:13.083Z,contractor@navjoyinc.com,2021-03-02T00:25:13.083Z,,,,,,,,,,,,,,,,
186,ConstructionWorkZone-9639b616-6a63-452d-b25a-cad40f0fac7a,603d838e8b7430fa828d6f7f,contractor@navjoyinc.com,2021-03-02T02:40:13.369Z,contractor@navjoyinc.com,2021-03-02T02:40:13.369Z,,,,,,,,,,,,,,,,
187,ConstructionWorkZone-3ac6a527-5860-40d9-a368-17eb5963372d,603d87168b7430fa828d82f5,contractor@navjoyinc.com,2021-03-02T03:25:13.224Z,contractor@navjoyinc.com,2021-03-02T03:25:13.224Z,,,,,,,,,,,,,,,,
188,ConstructionWorkZone-133365c6-c59b-43e7-927f-9c510d61f540,603d87168b7430fa828d830d,contractor@navjoyinc.com,2021-03-02T02:40:13.371Z,contractor@navjoyinc.com,2021-03-02T02:40:13.371Z,,,,,,,,,,,,,,,,
189,ConstructionWorkZone-23af9d36-19f7-4b2f-8848-d7872227b09f,603d8f488b7430fa828daeb6,contractor@navjoyinc.com,2021-03-02T01:05:12.347Z,contractor@navjoyinc.com,2021-03-02T01:05:12.347Z,,,,,,,,,,,,,,,,
190,ConstructionWorkZone-cecfde56-9699-4f67-9e75-556feab29035,603d90758b7430fa828db4ef,contractor@navjoyinc.com,2021-03-02T01:10:13.174Z,contractor@navjoyinc.com,2021-03-02T01:10:13.174Z,,,,,,,,,,,,,,,,
191,ConstructionWorkZone-7a3b936b-9e1c-4b34-a69b-15b01f308b3c,603d91a28b7430fa828dbadf,contractor@navjoyinc.com,2021-03-02T01:55:14.045Z,contractor@navjoyinc.com,2021-03-02T01:55:14.045Z,,,,,,,,,,,,,,,,
192,ConstructionWorkZone-67cf8daa-1846-449c-a8b8-771cbaba80af,603d93f28b7430fa828dc802,contractor@navjoyinc.com,2021-03-02T03:20:12.140Z,contractor@navjoyinc.com,2021-03-02T03:20:12.140Z,,,,,,,,,,,,,,,,
193,ConstructionWorkZone-593e2b5b-1091-4fc1-8c3f-8eef02c96156,603d99d48b7430fa828de846,contractor@navjoyinc.com,2021-03-02T01:50:12.231Z,contractor@navjoyinc.com,2021-03-02T01:50:12.231Z,,,,,,,,,,,,,,,,
194,ConstructionWorkZone-170a46f4-1430-4c45-997f-c2c3df726c54,603d9b028b7430fa828dee78,contractor@navjoyinc.com,2021-03-02T01:55:14.046Z,contractor@navjoyinc.com,2021-03-02T01:55:14.046Z,,,,,,,,,,,,,,,,
195,ConstructionWorkZone-74aed034-9b96-4c05-8a1a-e9d7b7a346ab,603da4608b7430fa828e2469,contractor@navjoyinc.com,2021-03-02T03:05:08.841Z,contractor@navjoyinc.com,2021-03-02T03:05:08.841Z,,,,,,,,,,,,,,,,
196,ConstructionWorkZone-ace030fc-0952-4db2-9da0-873848870f4c,603da90a8b7430fa828e3e17,contractor@navjoyinc.com,2021-03-02T03:10:09.940Z,contractor@navjoyinc.com,2021-03-02T03:10:09.940Z,,,,,,,,,,,,,,,,
197,ConstructionWorkZone-1650e437-a5a4-4ed8-ac2c-c0a984410962,603daeec8b7430fa828e60c5,contractor@navjoyinc.com,2021-03-02T03:20:12.140Z,contractor@navjoyinc.com,2021-03-02T03:20:12.140Z,,,,,,,,,,,,,,,,
198,ConstructionWorkZone-cbd07472-bdeb-46e8-b27f-b9482f3182d6,603dc7828b7430fa828f6375,contractor@navjoyinc.com,2021-03-02T05:10:08.094Z,contractor@navjoyinc.com,2021-03-02T05:10:08.094Z,,,,,,,,,,,,,,,,
199,ConstructionWorkZone-35b73526-6000-4fc4-9733-2bbe460094b1,603dcb0a8b7430fa828fa79a,contractor@navjoyinc.com,2021-03-02T05:20:10.446Z,contractor@navjoyinc.com,2021-03-02T05:20:10.446Z,,,,,,,,,,,,,,,,
200,ConstructionWorkZone-b7d54b4c-bc46-45de-bde7-7c81f51a54b0,603dcc378b7430fa828fb956,contractor@navjoyinc.com,2021-03-02T05:30:12.860Z,contractor@navjoyinc.com,2021-03-02T05:30:12.860Z,,,,,,,,,,,,,,,,
201,ConstructionWorkZone-db9acfd1-c880-47a2-9002-395793d828d1,603dce928b7430fa828fec5f,contractor@navjoyinc.com,2021-03-02T05:40:05.242Z,contractor@navjoyinc.com,2021-03-02T05:40:05.242Z,,,,,,,,,,,,,,,,
202,ConstructionWorkZone-f607a39b-2cdc-4838-bbb0-da9a76c2c1a1,603dd0e28b7430fa8290609c,contractor@navjoyinc.com,2021-03-02T05:45:06.590Z,contractor@navjoyinc.com,2021-03-02T05:45:06.590Z,,,,,,,,,,,,,,,,
203,ConstructionWorkZone-43852400-d550-4b6f-b4db-ebbe0b363b12,603dd20f8b7430fa8290744c,contractor@navjoyinc.com,2021-03-02T05:55:09.063Z,contractor@navjoyinc.com,2021-03-02T05:55:09.063Z,,,,,,,,,,,,,,,,
204,ConstructionWorkZone-6d6aef98-1848-4734-9cca-9545500de45a,603dd46a8b7430fa82909003,contractor@navjoyinc.com,2021-03-02T06:00:10.249Z,contractor@navjoyinc.com,2021-03-02T06:00:10.249Z,,,,,,,,,,,,,,,,
205,ConstructionWorkZone-178381ca-7dea-4a6d-a9c1-07c3ad3ae1a1,603dd5978b7430fa8290a301,contractor@navjoyinc.com,2021-03-02T06:20:15.228Z,contractor@navjoyinc.com,2021-03-02T06:20:15.228Z,,,,,,,,,,,,,,,,
206,ConstructionWorkZone-31007cb9-78ca-46f9-8ab7-791efb7ce853,603dda428b7430fa82910453,contractor@navjoyinc.com,2021-03-02T07:05:06.231Z,contractor@navjoyinc.com,2021-03-02T07:05:06.231Z,,,,,,,,,,,,,,,,
207,ConstructionWorkZone-3bc40951-cdb6-4c78-a17b-872177d6fc3b,6068123670d091003bd50f1b,admin@sa1.com,2021-04-03T06:59:02.171Z,admin@sa1.com,2021-04-03T06:59:02.171Z,Bridge,,,,,,,,,Planned,,,,,,
208,ConstructionWorkZone-4daf45c9-ed1d-464f-8d92-d4fc059b2f66,6074c6b3de9d5f003a225057,EAlexander@navjoyinc.com,2021-04-12T22:16:19.770Z,EAlexander@navjoyinc.com,2021-04-12T22:16:19.770Z,Bridge,,,,,,,,,Planned,,,,,,
209,ConstructionWorkZone-d13903a3-0a33-4246-ab89-91a9be778cd2,60ae7abfd3ea9a003b624a57,nnageli@navjoyinc.com.demo,2021-05-26T16:43:43.647Z,nnageli@navjoyinc.com.demo,2021-05-26T16:43:43.647Z,Lane Expansion,Sedalia,Monument,,,,,,,Planned,,,,,,
210,ConstructionWorkZone-df059fd8-aa54-46a5-870a-b078da546c42,60ae7befd3ea9a003b624a61,nnageli@navjoyinc.com.demo,2021-05-26T16:48:47.864Z,nnageli@navjoyinc.com.demo,2021-05-26T16:48:47.864Z,Other,Mineral Drive,Town Center,,,,,,,Completed,,,,,,
211,ConstructionWorkZone-043c8cf4-779d-4cd6-b1a8-c3d1f068e369,60ae7c83d3ea9a003b624a64,nnageli@navjoyinc.com.demo,2021-05-26T16:51:15.839Z,nnageli@navjoyinc.com.demo,2021-05-26T16:51:15.839Z,Traffic Signal Installation,Kipling Street,C-470,,,,,,,Inactive,,,,,,
212,ConstructionWorkZone-b67f8859-e193-42e1-b9af-d646f881b8b2,60ae7d29d3ea9a003b624a67,nnageli@navjoyinc.com.demo,2021-05-26T16:54:01.263Z,nnageli@navjoyinc.com.demo,2021-05-26T16:55:15.915Z,Bridge,Castle Pines,Orchard Rd,,,,,,,Active,,,,,,
213,ConstructionWorkZone-49cde616-b4c4-4ca0-8266-563b0523d86d,60ae96fbd3ea9a003b624a6f,nnageli@navjoyinc.com.demo,2021-05-26T18:44:11.233Z,nnageli@navjoyinc.com.demo,2021-05-26T18:44:11.233Z,Road,E-470,Arapahoe Rd,,,,,,,Inactive,,,,,,
214,ConstructionWorkZone-bec47dbe-e4e8-4340-ab20-1872c2b6ce6d,60ae97cad3ea9a003b624a72,nnageli@navjoyinc.com.demo,2021-05-26T18:47:38.034Z,nnageli@navjoyinc.com.demo,2021-05-26T18:47:38.034Z,Other,Union St,Welch Street,,,,,,,Planned,,,,,,
215,ConstructionWorkZone-11add0a8-0624-4a24-83da-58b3ce875f93,60ae9841d3ea9a003b624a75,nnageli@navjoyinc.com.demo,2021-05-26T18:49:37.974Z,nnageli@navjoyinc.com.demo,2021-05-26T18:49:37.974Z,Sidewalk,I-70,Ward ,,,,,,,Active,,,,,,
216,ConstructionWorkZone-ae6fb993-e5a6-4f33-ba53-bd5ae6c645a8,60ae98dfd3ea9a003b624a78,nnageli@navjoyinc.com.demo,2021-05-26T18:52:15.727Z,nnageli@navjoyinc.com.demo,2021-05-26T18:52:15.727Z,Other,I-70,65th Avenue,,,,,,,Planned,,,,,,
217,ConstructionWorkZone-89435223-07de-43cc-8c54-29fe6b2535e4,60ae9972d3ea9a003b624a7b,nnageli@navjoyinc.com.demo,2021-05-26T18:54:42.347Z,nnageli@navjoyinc.com.demo,2021-05-26T18:54:42.347Z,Underground,Baseline Rd,Broadway,,,,,,,Active,,,,,,
218,ConstructionWorkZone-d908341a-29ef-4d6f-ba73-652454bb583a,60ae99dbd3ea9a003b624a7e,nnageli@navjoyinc.com.demo,2021-05-26T18:56:27.593Z,nnageli@navjoyinc.com.demo,2021-05-26T18:56:27.593Z,Bridge,E-470,136th Ave,,,,,,,Active,,,,,,